,Name,Draft_Pick
0,Alaa Abdelnaby,25
1,Zaid Abdul-Aziz,5
2,Kareem Abdul-Jabbar,1
3,Mahmoud Abdul-Rauf,3
4,Tariq Abdul-Wahad,11
5,Shareef Abdur-Rahim,3
6,Tom Abernethy,43
7,Forest Able,
8,John Abramovic,
9,Alex Abrines,32
10,Alex Acker,60
11,Don Ackerman,
12,Mark Acres,40
13,Bud Acton,
14,Quincy Acy,37
15,Alvan Adams,4
16,Don Adams,20
17,George Adams,46
18,Hassan Adams,54
19,Jordan Adams,22
20,Michael Adams,66
21,Steven Adams,12
22,Rafael Addison,39
23,Bam Adebayo,14
24,Rick Adelman,79
25,Jeff Adrien,
26,Arron Afflalo,27
27,Maurice Ager,28
28,Mark Aguirre,1
29,Blake Ahearn,
30,Danny Ainge,31
31,Matthew Aitch,35
32,Alexis Ajinca,20
33,Henry Akin,11
34,Josh Akognon,
35,Solomon Alabi,50
36,Mark Alarie,18
37,Gary Alcorn,16
38,Furkan Aldemir,53
39,Cole Aldrich,11
40,LaMarcus Aldridge,2
41,Chuck Aleksinas,76
42,Cliff Alexander,
43,Cory Alexander,29
44,Courtney Alexander,13
45,Gary Alexander,
46,Joe Alexander,8
47,Victor Alexander,17
48,Steve Alford,26
49,Bill Allen,
50,Bob Allen,71
51,Jarrett Allen,22
52,Jerome Allen,49
53,Kadeem Allen,53
54,Lavoy Allen,50
55,Lucius Allen,3
56,Malik Allen,
57,Randy Allen,
58,Ray Allen,5
59,Tony Allen,25
60,Willie Allen,60
61,Odis Allison,76
62,Lance Allred,
63,Darrell Allums,03
64,Morris Almond,25
65,Derrick Alston,33
66,Rafer Alston,39
67,Peter Aluma,
68,John Amaechi,
69,Ashraf Amaya,
70,Al-Farouq Aminu,8
71,Lou Amundson,
72,Bob Anderegg,20
73,Chris Andersen,
74,David Andersen,37
75,Alan Anderson,
76,Andrew Anderson,88
77,Antonio Anderson,
78,Cliff Anderson,35
79,Dan Anderson,89
80,Dan Anderson,92
81,Derek Anderson,13
82,Dwight Anderson,41
83,Eric Anderson,
84,Greg Anderson,23
85,J.J. Anderson,36
86,James Anderson,20
87,Jerome Anderson,53
88,Justin Anderson,21
89,Kenny Anderson,2
90,Kim Anderson,28
91,Kyle Anderson,30
92,Michael Anderson,73
93,Nick Anderson,11
94,Richard Anderson,32
95,Ron Anderson,27
96,Ryan Anderson,21
97,Shandon Anderson,54
98,Willie Anderson,10
99,Wally Anderzunas,70
100,Martynas Andriuskevicius,44
101,Don Anielak,26
102,Ike Anigbogu,47
103,Michael Ansley,37
104,Chris Anstey,18
105,Giannis Antetokounmpo,15
106,Thanasis Antetokounmpo,51
107,Carmelo Anthony,3
108,Greg Anthony,12
109,Joel Anthony,
110,Pero Antic,
111,OG Anunoby,23
112,Keith Appling,
113,Rafael Araujo,8
114,Stacey Arceneaux,
115,Robert Archibald,32
116,Tiny Archibald,19
117,Ryan Arcidiacono,
118,Jim Ard,6
119,Gilbert Arenas,31
120,Trevor Ariza,43
121,Paul Arizin,
122,Joe Arlauckas,74
123,B.J. Armstrong,18
124,Bob Armstrong,
125,Brandon Armstrong,23
126,Curly Armstrong,
127,Darrell Armstrong,
128,Hilton Armstrong,12
129,Tate Armstrong,13
130,Jesse Arnelle,13
131,Jay Arnette,9
132,Bob Arnzen,03
133,Carlos Arroyo,
134,Darrell Arthur,27
135,John Arthurs,73
136,Jamel Artis,
137,Omer Asik,36
138,Vincent Askew,39
139,Keith Askins,
140,Don Asmonga,
141,Dick Atha,
142,Chucky Atkins,
143,Al Attles,39
144,Chet Aubuchon,
145,Stacey Augmon,9
146,D.J. Augustin,9
147,James Augustine,41
148,Isaac Austin,48
149,Johnny Austin,38
150,Ken Austin,01
151,Anthony Avent,15
152,Bird Averitt,
153,William Avery,14
154,Dennis Awtrey,46
155,Gustavo Ayon,
156,Jeff Ayres,31
157,Kelenna Azubuike,
158,Chris Babb,
159,Luke Babbitt,16
160,Milos Babic,50
161,Johnny Bach,
162,Dwayne Bacon,40
163,Henry Bacon,93
164,Jim Baechtold,2
165,Dalibor Bagaric,24
166,John Bagley,12
167,Carl Bailey,66
168,Gus Bailey,23
169,James Bailey,6
170,Thurl Bailey,7
171,Toby Bailey,45
172,Cameron Bairstow,49
173,Jimmie Baker,39
174,LaMark Baker,
175,Maurice Baker,
176,Norm Baker,
177,Ron Baker,
178,Vin Baker,8
179,Wade Baldwin,17
180,Renaldo Balkman,20
181,Cedric Ball,
182,Lonzo Ball,2
183,Greg Ballard,4
184,Herschel Baltimore,
185,Gene Banks,28
186,Marcus Banks,13
187,Walker Banks,53
188,Ken Bannister,56
189,Mike Bantom,8
190,John Barber,
191,Leandro Barbosa,28
192,Steve Bardo,41
193,J.J. Barea,
194,Andrea Bargnani,1
195,Cliff Barker,
196,Tom Barker,53
197,Charles Barkley,5
198,Erick Barkley,28
199,Don Barksdale,
200,Harrison Barnes,7
201,Harry Barnes,37
202,Jim Barnes,1
203,Marvin Barnes,2
204,Matt Barnes,46
205,Dick Barnett,4
206,Jim Barnett,8
207,Nathaniel Barnett,19
208,John Barnhill,77
209,Norton Barnhill,34
210,Leo Barnhorst,
211,John Barr,
212,Mike Barr,80
213,Moe Barr,
214,Andre Barrett,
215,Ernie Barrett,7
216,Mike Barrett,
217,Earl Barron,
218,Dana Barros,16
219,Brent Barry,15
220,Drew Barry,57
221,Jon Barry,21
222,Rick Barry,2
223,Ed Bartels,
224,Vic Bartolome,87
225,Will Barton,40
226,Eddie Basden,
227,Jerry Baskerville,
228,Brandon Bass,33
229,Tim Bassett,06
230,Maceo Baston,58
231,Mengke Bateer,
232,Billy Ray Bates,47
233,Esteban Batista,
234,Mike Batiste,
235,Tony Battie,5
236,Shane Battier,6
237,John Battle,84
238,Kenny Battle,27
239,Dave Batton,62
240,Lloyd Batts,60
241,Nicolas Batum,25
242,Johnny Baum,87
243,Frankie Baumholtz,
244,Lonny Baxter,44
245,Jerryd Bayless,11
246,Elgin Baylor,1
247,Howard Bayne,07
248,Aron Baynes,
249,Sergei Bazarevich,
250,Kent Bazemore,
251,Ed Beach,
252,Bradley Beal,3
253,Al Beard,
254,Butch Beard,10
255,Ralph Beard,
256,Charles Beasley,74
257,Jerome Beasley,33
258,John Beasley,45
259,Malik Beasley,19
260,Michael Beasley,2
261,Zelmo Beaty,3
262,Rodrigue Beaubois,25
263,Byron Beck,15
264,Corey Beck,
265,Ernie Beck,
266,Arthur Becker,22
267,Moe Becker,
268,Bob Bedell,90
269,William Bedford,6
270,Hank Beenders,
271,Ron Behagen,7
272,Elmer Behnke,37
273,Marco Belinelli,18
274,Charlie Bell,
275,Dennis Bell,83
276,Jordan Bell,38
277,Raja Bell,
278,Troy Bell,16
279,Whitey Bell,
280,Walt Bellamy,1
281,DeAndre' Bembry,21
282,Irv Bemoras,
283,Leon Benbow,27
284,Dragan Bender,4
285,Jonathan Bender,5
286,Jerrelle Benimon,
287,Benoit Benjamin,3
288,Corey Benjamin,28
289,Anthony Bennett,1
290,Elmer Bennett,38
291,Mario Bennett,27
292,Mel Bennett,
293,Spider Bennett,
294,Tony Bennett,35
295,Winston Bennett,64
296,David Benoit,
297,Keith Benson,48
298,Kent Benson,1
299,Ben Bentil,51
300,Gene Berce,
301,Gary Bergen,
302,Larry Bergh,46
303,Ricky Berry,18
304,Walter Berry,14
305,Davis Bertans,42
306,Del Beshore,
307,Travis Best,23
308,Patrick Beverley,42
309,Sim Bhullar,
310,Wesley Bialosuknia,37
311,Al Bianchi,18
312,Hank Biasatti,
313,Henry Bibby,58
314,Mike Bibby,2
315,Ed Biedenbach,96
316,Andris Biedrins,11
317,Don Bielke,67
318,Bob Bigelow,13
319,Lionel Billingy,72
320,Chauncey Billups,3
321,Dave Bing,2
322,Joe Binion,57
323,Khem Birch,
324,Jabari Bird,56
325,Jerry Bird,
326,Larry Bird,6
327,Otis Birdsong,2
328,Gale Bishop,
329,Bismack Biyombo,7
330,Nemanja Bjelica,35
331,Uwe Blab,17
332,Charlie Black,
333,Norman Black,
334,Tarik Black,
335,Tom Black,72
336,Rolando Blackman,9
337,Alex Blackwell,
338,Cory Blackwell,28
339,James Blackwell,
340,Nate Blackwell,27
341,DeJuan Blair,37
342,Steve Blake,38
343,Antonio Blakeney,
344,Will Blalock,60
345,George Blaney,33
346,Lance Blanks,26
347,Ricky Blanton,46
348,Andray Blatche,49
349,Mookie Blaylock,12
350,Eric Bledsoe,18
351,Leon Blevins,
352,John Block,27
353,Mike Bloom,
354,Corie Blount,25
355,Mark Blount,54
356,Vander Blue,
357,Ray Blume,36
358,Nelson Bobb,
359,Tony Bobbitt,
360,Bucky Bockhorn,17
361,Tom Boerwinkle,4
362,Keith Bogans,43
363,Bogdan Bogdanovic,27
364,Bojan Bogdanovic,31
365,Muggsy Bogues,12
366,Andrew Bogut,1
367,Etdrick Bohannon,
368,Manute Bol,97
369,Bill Bolger,
370,Joel Bolomboy,52
371,Doug Bolstorff,57
372,George Bon Salle,7
373,Phil Bond,62
374,Walter Bond,
375,Dexter Boney,
376,Ron Bonham,16
377,Anthony Bonner,23
378,Matt Bonner,45
379,Butch Booker,
380,Devin Booker,13
381,Melvin Booker,
382,Trevor Booker,23
383,Josh Boone,23
384,Ron Boone,47
385,Calvin Booth,35
386,Keith Booth,28
387,Bob Boozer,1
388,Carlos Boozer,35
389,Curtis Borchardt,18
390,Jake Bornheimer,
391,Lazaro Borrell,
392,Ike Borsavage,
393,Vince Boryla,
394,Chris Bosh,4
395,Jim Bostic,39
396,Lawrence Boston,81
397,Tom Boswell,17
398,Chris Boucher,
399,Ruben Boumtje-Boumtje,50
400,Don Boven,
401,Cal Bowdler,17
402,Bruce Bowen,
403,Ryan Bowen,55
404,Tommie Bowens,
405,Anthony Bowie,66
406,Sam Bowie,2
407,Orbie Bowling,76
408,Ira Bowman,
409,Nate Bowman,7
410,Donnie Boyce,42
411,Dennis Boyd,72
412,Freddie Boyd,5
413,Ken Boyd,54
414,Earl Boykins,
415,Harry Boykoff,
416,Winford Boynes,13
417,Cedric Bozeman,
418,Steve Bracey,21
419,Craig Brackins,21
420,Gary Bradds,3
421,Alex Bradley,86
422,Alonzo Bradley,29
423,Avery Bradley,19
424,Bill Bradley,
425,Bill Bradley,
426,Charles Bradley,23
427,Dudley Bradley,13
428,Jim Bradley,48
429,Joe Bradley,
430,Michael Bradley,17
431,Shawn Bradley,2
432,Tony Bradley,28
433,Mark Bradtke,
434,Marques Bragg,
435,Torraye Braggs,57
436,A.J. Bramlett,39
437,Adrian Branch,46
438,Elton Brand,1
439,Terrell Brandon,11
440,Bob Brannum,
441,Brad Branson,45
442,Jesse Branson,13
443,Jim Brasco,
444,Mike Bratz,66
445,Carl Braun,
446,Tim Breaux,
447,J.R. Bremer,
448,Pete Brennan,4
449,Tom Brennan,60
450,Randy Breuer,18
451,Corey Brewer,7
452,Jamison Brewer,41
453,Jim Brewer,2
454,Ron Brewer,7
455,Ronnie Brewer,14
456,Primoz Brezec,27
457,Frankie Brian,
458,Frank Brickowski,57
459,Junior Bridgeman,8
460,Bill Bridges,32
461,Al Brightman,
462,Aud Brindley,
463,John Brisker,
464,Allan Bristow,21
465,Tyrone Britt,
466,Wayman Britt,60
467,Mike Brittain,29
468,Dave Britton,57
469,Jon Brockman,38
470,Jim Brogan,
471,Malcolm Brogdon,36
472,Gary Brokaw,18
473,Price Brookfield,
474,Clarence Brookins,18
475,Aaron Brooks,26
476,Dillon Brooks,45
477,Kevin Brooks,18
478,MarShon Brooks,25
479,Michael Brooks,9
480,Scott Brooks,
481,Andre Brown,
482,Anthony Brown,34
483,Bob Brown,
484,Bobby Brown,
485,Chucky Brown,43
486,Damone Brown,37
487,Darrell Brown,
488,Dee Brown,19
489,Dee Brown,46
490,Derrick Brown,40
491,Devin Brown,
492,Ernest Brown,52
493,Fred Brown,6
494,George Brown,27
495,Gerald Brown,
496,Harold Brown,
497,Jabari Brown,
498,Jaylen Brown,3
499,John Brown,10
500,Kedrick Brown,11
501,Kwame Brown,1
502,Larry Brown,55
503,Leon Brown,
504,Lewis Brown,69
505,Lorenzo Brown,52
506,Marcus Brown,46
507,Markel Brown,44
508,Mike Brown,69
509,Myron Brown,34
510,P.J. Brown,29
511,Randy Brown,31
512,Raymond Brown,
513,Rickey Brown,13
514,Roger Brown,
515,Roger Brown,64
516,Shannon Brown,25
517,Stan Brown,
518,Sterling Brown,46
519,Tierre Brown,
520,Tony Brown,82
521,Jim Browne,
522,Stanley Brundy,32
523,Brian Brunkhorst,72
524,George Bruns,
525,Rick Brunson,
526,Nicolas Brussino,
527,Em Bryant,53
528,Joe Bryant,14
529,Kobe Bryant,13
530,Mark Bryant,21
531,Thomas Bryant,42
532,Wallace Bryant,30
533,Torgeir Bryn,
534,George Bucci,52
535,Joe Buckhalter,81
536,Steve Bucknall,
537,Cleveland Buckner,51
538,Greg Buckner,53
539,Quinn Buckner,7
540,Dave Budd,10
541,Chase Budinger,44
542,Walt Budko,6
543,Jud Buechler,38
544,Rodney Buford,53
545,Matt Bullard,
546,Reggie Bullock,25
547,Larry Bunce,43
548,Greg Bunch,34
549,Dick Bunt,
550,Bill Buntin,
551,Bill Bunting,26
552,Ticky Burden,26
553,Pat Burke,
554,Trey Burke,9
555,Roger Burkman,30
556,Alec Burks,12
557,Antonio Burks,36
558,Kevin Burleson,
559,Tom Burleson,3
560,Jack Burmaster,
561,David Burns,49
562,Evers Burns,31
563,Jim Burns,34
564,Scott Burrell,20
565,Art Burris,
566,Junior Burrough,33
567,Bob Burrow,
568,Ed Burton,
569,Willie Burton,9
570,Steve Burtt,30
571,Don Buse,34
572,David Bustion,68
573,Donnie Butcher,60
574,Al Butler,17
575,Caron Butler,10
576,Greg Butler,37
577,Jackie Butler,
578,Jimmy Butler,30
579,Mike Butler,21
580,Mitchell Butler,
581,Rasual Butler,53
582,Dwight Buycks,
583,Derrick Byars,42
584,Andrew Bynum,10
585,Will Bynum,
586,Walter Byrd,
587,Marty Byrnes,19
588,Tommy Byrnes,
589,Michael Bytzura,
590,Zarko Cabarkapa,17
591,Barney Cable,10
592,Bruno Caboclo,20
593,Jason Caffey,20
594,Michael Cage,14
595,Gerry Calabrese,
596,Nick Calathes,45
597,Jose Calderon,
598,Adrian Caldwell,
599,Jim Caldwell,25
600,Joe Caldwell,2
601,Kentavious Caldwell-Pope,8
602,Bill Calhoun,
603,Corky Calhoun,4
604,Demetrius Calip,
605,Tom Callahan,
606,Rick Calloway,
607,Ernie Calverley,
608,Mack Calvin,87
609,Dexter Cambridge,
610,Marcus Camby,2
611,Elden Campbell,27
612,Tony Campbell,20
613,Isaiah Canaan,34
614,Larry Cannon,5
615,Clint Capela,25
616,Derrick Caracter,58
617,Frank Card,77
618,Brian Cardinal,44
619,Howie Carl,50
620,Chet Carlisle,
621,Geno Carlisle,
622,Rick Carlisle,70
623,Don Carlos,83
624,Al Carlson,
625,Don Carlson,
626,Bob Carney,47
627,Rodney Carney,16
628,Bob Carpenter,
629,Antoine Carr,8
630,Austin Carr,1
631,Chris Carr,56
632,Cory Carr,49
633,Kenny Carr,6
634,M.L. Carr,76
635,Darel Carrier,74
636,Bob Carrington,28
637,DeMarre Carroll,27
638,Joe Barry Carroll,1
639,Matt Carroll,
640,Jimmy Carruth,
641,Anthony Carter,
642,Butch Carter,37
643,Fred Carter,43
644,George Carter,81
645,Howard Carter,15
646,Jake Carter,
647,Maurice Carter,
648,Reggie Carter,27
649,Ron Carter,26
650,Vince Carter,5
651,Michael Carter-Williams,11
652,Bill Cartwright,3
653,Jay Carty,46
654,Alex Caruso,
655,Cornelius Cash,24
656,Sam Cash,66
657,Sam Cassell,24
658,Omri Casspi,23
659,Harvey Catchings,38
660,Terry Catledge,21
661,Sid Catlett,55
662,Kelvin Cato,15
663,Bobby Cattage,65
664,Willie Cauley-Stein,6
665,Duane Causwell,18
666,Tyler Cavanaugh,
667,Ron Cavenall,
668,Cedric Ceballos,48
669,John Celestand,30
670,Al Cervi,
671,Lionel Chalmers,33
672,Mario Chalmers,34
673,Bill Chamberlain,43
674,Wilt Chamberlain,
675,Jerry Chambers,7
676,Tom Chambers,8
677,Mike Champion,
678,Tyson Chandler,2
679,Wilson Chandler,23
680,Don Chaney,12
681,John Chaney,
682,Rex Chapman,8
683,Wayne Chapman,56
684,Len Chappell,4
685,Ken Charles,38
686,Lorenzo Charles,41
687,Calbert Cheaney,6
688,Maurice Cheeks,36
689,Phil Chenier,4
690,Will Cherry,
691,Derrick Chievous,16
692,Pete Chilcutt,27
693,Josh Childress,6
694,Randolph Childress,19
695,Chris Childs,
696,Leroy Chollet,
697,Jim Chones,31
698,Marquese Chriss,8
699,Fred Christ,
700,Cal Christensen,
701,Bob Christian,09
702,Doug Christie,17
703,Dionte Christmas,
704,Rakeem Christmas,36
705,Semaj Christon,55
706,Patrick Christopher,
707,Stephen Chubin,23
708,Robert Churchwell,
709,Archie Clark,37
710,Carlos Clark,91
711,Earl Clark,14
712,Ian Clark,
713,Keon Clark,13
714,Richard Clark,
715,Coty Clarke,
716,Jordan Clarkson,46
717,Gian Clavell,
718,Victor Claver,22
719,John Clawson,
720,Charles Claxton,50
721,Speedy Claxton,20
722,Jim Cleamons,13
723,Mateen Cleaves,14
724,Barry Clemens,19
725,Antonius Cleveland,
726,Nat Clifton,
727,Bill Closs,
728,Keith Closs,
729,Paul Cloyd,
730,Bob Cluggish,
731,Ben Clyde,89
732,Richard Coffey,
733,Fred Cofield,73
734,John Coker,
735,Norris Cole,28
736,Ben Coleman,37
737,Derrick Coleman,1
738,E.C. Coleman,51
739,Jack Coleman,
740,Norris Coleman,38
741,Bimbo Coles,40
742,Jason Collier,15
743,Art Collins,03
744,Don Collins,18
745,Doug Collins,1
746,James Collins,36
747,Jarron Collins,53
748,Jason Collins,18
749,Jimmy Collins,11
750,John Collins,19
751,Mardy Collins,29
752,Sherron Collins,
753,Zach Collins,10
754,Kyle Collinsworth,
755,Darren Collison,21
756,Nick Collison,12
757,Joe Colone,
758,Sean Colson,
759,Steve Colter,33
760,Glen Combs,51
761,Leroy Combs,26
762,John Comeaux,68
763,Dallas Comegys,21
764,Larry Comley,91
765,Jeffrey Congdon,32
766,Gene Conley,
767,Larry Conley,
768,Mike Conley,4
769,Ed Conlin,5
770,Marty Conlon,
771,Pat Connaughton,41
772,Jimmy Conner,36
773,Lester Conner,14
774,Chuck Connors,
775,Will Conroy,
776,Anthony Cook,24
777,Bert Cook,
778,Bobby Cook,
779,Brian Cook,24
780,Daequan Cook,21
781,Darwin Cook,70
782,Jeff Cook,49
783,Norm Cook,16
784,Omar Cook,32
785,Quinn Cook,
786,Charles Cooke,
787,David Cooke,
788,Joe Cooke,94
789,Jack Cooley,
790,Chuck Cooper,
791,Duane Cooper,36
792,Joe Cooper,95
793,Michael Cooper,60
794,Wayne Cooper,40
795,Tom Copa,
796,Chris Copeland,
797,Hollis Copeland,46
798,Lanard Copeland,
799,Tyrone Corbin,35
800,Chris Corchiani,36
801,Ken Corley,
802,Ray Corley,
803,Dave Corzine,18
804,Larry Costello,12
805,Matt Costello,
806,Bryce Cotton,
807,Jack Cotton,
808,James Cotton,32
809,John Coughran,74
810,Mel Counts,7
811,Steve Courtin,24
812,Joe Courtney,
813,Marcus Cousin,
814,DeMarcus Cousins,5
815,Bob Cousy,3
816,Robert Covington,
817,Dave Cowens,4
818,Chubby Cox,59
819,Johnny Cox,27
820,Wesley Cox,18
821,Allen Crabbe,31
822,Torrey Craig,
823,Chris Crawford,50
824,Freddie Crawford,63
825,Jamal Crawford,8
826,Joe Crawford,58
827,Jordan Crawford,27
828,Jim Creighton,40
829,Ron Crevier,75
830,Hal Crisler,
831,Joe Crispin,
832,Charlie Criss,
833,Russell Critchfield,
834,Winston Crite,53
835,Javaris Crittenton,19
836,Dillard Crocker,
837,Bobby Croft,23
838,Geoff Crompton,
839,Terry Crosby,62
840,Austin Croshere,12
841,Jeff Cross,61
842,Pete Cross,23
843,Russell Cross,6
844,Chink Crossin,6
845,John Crotty,
846,Bill Crow,
847,Mark Crow,11
848,Corey Crowder,
849,Jae Crowder,34
850,Al Cueto,30
851,Pat Cummings,59
852,Terry Cummings,2
853,Vonteego Cummings,26
854,Billy Cunningham,5
855,Dante Cunningham,33
856,Dick Cunningham,21
857,Jared Cunningham,24
858,William Cunningham,
859,Radisav Curcic,
860,Armand Cure,
861,Earl Cureton,58
862,Bill Curley,22
863,Fran Curran,
864,Dell Curry,15
865,Eddy Curry,4
866,JamesOn Curry,51
867,Michael Curry,
868,Seth Curry,
869,Stephen Curry,7
870,Rastko Cvetkovic,
871,Mike D'Antoni,20
872,Mike Dabich,60
873,Ed Dahler,
874,Quintin Dailey,7
875,Samuel Dalembert,26
876,Howie Dallmar,
877,Erick Dampier,10
878,Louie Dampier,38
879,Bob Dandridge,45
880,Antonio Daniels,4
881,Erik Daniels,
882,Lloyd Daniels,
883,Marquis Daniels,
884,Mel Daniels,9
885,Troy Daniels,
886,Sasha Danilovic,43
887,Adrian Dantley,6
888,Pete Darcey,
889,Jimmy Darden,
890,Ollie Darden,22
891,Yinka Dare,14
892,Jesse Dark,32
893,Rick Darnell,
894,Jimmy Darrow,38
895,Gigi Datome,
896,Brad Daugherty,1
897,Mack Daughtry,
898,Kornel David,
899,Jermareo Davidson,36
900,Bob Davies,
901,Brandon Davies,
902,Anthony Davis,1
903,Antonio Davis,45
904,Aubrey Davis,
905,Baron Davis,3
906,Ben Davis,43
907,Bill Davis,
908,Bob Davis,14
909,Brad Davis,15
910,Brian Davis,48
911,Charles Davis,35
912,Charlie Davis,20
913,Dale Davis,13
914,Deyonta Davis,31
915,Dwight Davis,3
916,Ed Davis,13
917,Emanual Davis,
918,Glen Davis,35
919,Harry Davis,33
920,Hubert Davis,20
921,Jim Davis,27
922,Johnny Davis,22
923,Josh Davis,
924,Lee Davis,33
925,Mark Davis,79
926,Mark Davis,48
927,Mel Davis,14
928,Mickey Davis,13
929,Mike Davis,14
930,Mike Davis,
931,Monti Davis,21
932,Paul Davis,34
933,Ralph Davis,17
934,Red Davis,52
935,Ricky Davis,21
936,Ron Davis,70
937,Terry Davis,
938,Walt Davis,
939,Walter Davis,5
940,Warren Davis,46
941,Willie Davis,08
942,Andre Dawkins,
943,Darryl Dawkins,5
944,Johnny Dawkins,10
945,Paul Dawkins,85
946,Branden Dawson,56
947,Eric Dawson,
948,Jimmy Dawson,54
949,Tony Dawson,
950,Todd Day,8
951,Austin Daye,15
952,Darren Daye,57
953,Nando De Colo,53
954,Greg Deane,67
955,Billy DeAngelis,
956,Dave DeBusschere,
957,Andrew DeClercq,34
958,Dewayne Dedmon,
959,Don Dee,25
960,Archie Dees,2
961,Terry Dehere,13
962,Red Dehnert,
963,Bryce Dejean-Jones,
964,Sam Dekker,18
965,Vinny Del Negro,29
966,Malcolm Delaney,
967,Bison Dele,10
968,Carlos Delfino,25
969,Tony Delk,16
970,Matthew Dellavedova,
971,Nate DeLong,
972,Fennis Dembo,30
973,Larry Demic,9
974,Dell Demps,
975,George Dempsey,68
976,Luol Deng,7
977,Kenny Dennard,78
978,Blaine Denning,
979,Justin Dentmon,
980,Randy Denton,61
981,Joe DePre,29
982,Rod Derline,69
983,DeMar DeRozan,9
984,Dave Deutsch,98
985,Corky Devlin,9
986,Hank DeZonie,
987,Derrick Dial,52
988,Cheick Diallo,33
989,Boris Diaw,21
990,Yakhouba Diawara,
991,Guillermo Diaz,52
992,Dan Dickau,28
993,Kaniel Dickens,50
994,Henry Dickerson,
995,Michael Dickerson,14
996,Clyde Dickey,12
997,Derrek Dickey,29
998,Dick Dickey,
999,John Dickson,22
1000,Travis Diener,38
1001,Gorgui Dieng,21
1002,Connie Dierking,5
1003,Coby Dietrick,55
1004,Ernie DiGregorio,3
1005,Craig Dill,42
1006,Dwaine Dillard,
1007,Mickey Dillard,55
1008,Bob Dille,
1009,Hook Dillon,
1010,Byron Dinkins,
1011,Jackie Dinkins,50
1012,Harry Dinnel,
1013,Bill Dinwiddie,
1014,Spencer Dinwiddie,38
1015,Ike Diogu,9
1016,DeSagana Diop,8
1017,Terry Dischinger,8
1018,Fred Diute,27
1019,Vlade Divac,26
1020,Juan Dixon,17
1021,Aleksandar Djordjevic,
1022,Earl Dodd,
1023,Michael Doleac,12
1024,Joe Dolhon,
1025,Bob Doll,
1026,James Donaldson,73
1027,Bob Donham,
1028,Billy Donovan,68
1029,Harry Donovan,
1030,Keyon Dooling,10
1031,Jacky Dorsey,26
1032,Joey Dorsey,33
1033,Ron Dorsey,04
1034,Tyler Dorsey,41
1035,Damyean Dotson,44
1036,Quincy Douby,19
1037,Bruce Douglas,57
1038,John Douglas,18
1039,Leon Douglas,4
1040,Sherman Douglas,28
1041,Toney Douglas,29
1042,Chris Douglas-Roberts,40
1043,Sonny Dove,4
1044,Jerry Dover,
1045,Zabian Dowdell,
1046,Bill Downey,
1047,Steve Downing,17
1048,Danny Doyle,44
1049,Milton Doyle,
1050,PJ Dozier,
1051,Terry Dozier,
1052,Goran Dragic,45
1053,Zoran Dragic,
1054,Greg Dreiling,26
1055,Bryce Drew,16
1056,John Drew,25
1057,Larry Drew,17
1058,Larry Drew II,
1059,Clyde Drexler,14
1060,Nate Driggers,
1061,Terry Driscoll,4
1062,Predrag Drobnjak,48
1063,Ralph Drollinger,21
1064,Andre Drummond,9
1065,Dick Duckett,9
1066,Kevin Duckworth,33
1067,Charles Dudley,76
1068,Chris Dudley,75
1069,Jared Dudley,22
1070,Terry Duerod,48
1071,Bob Duffy,
1072,Bob Duffy,10
1073,Chris Duhon,38
1074,Duje Dukan,
1075,Walter Dukes,
1076,Joe Dumars,18
1077,Rich Dumas,
1078,Richard Dumas,46
1079,Tony Dumas,19
1080,Andy Duncan,
1081,Tim Duncan,1
1082,Mike Dunleavy,99
1083,Mike Dunleavy,3
1084,Kris Dunn,5
1085,Pat Dunn,
1086,T.R. Dunn,41
1087,Ronald Dupree,
1088,Kevin Durant,2
1089,John Duren,19
1090,Jarrett Durham,62
1091,Pat Durham,35
1092,Devin Durrant,25
1093,Ken Durrett,4
1094,Dennis DuVal,30
1095,Jack Dwan,
1096,Craig Dykema,66
1097,Gene Dyker,
1098,Jerome Dyson,
1099,Ledell Eackles,36
1100,Jim Eakins,57
1101,Acie Earl,19
1102,Ed Earle,
1103,Cleanthony Early,34
1104,Penny Early,
1105,Mark Eaton,07
1106,Jerry Eaves,55
1107,Devin Ebanks,43
1108,Bill Ebben,18
1109,Al Eberhard,15
1110,Ndudi Ebi,26
1111,Roy Ebron,68
1112,Jarell Eddie,
1113,Patrick Eddie,
1114,Dike Eddleman,
1115,Kenton Edelin,40
1116,Charles Edge,92
1117,Bobby Edmonds,
1118,Keith Edmonson,10
1119,Tyus Edney,47
1120,Bill Edwards,
1121,Blue Edwards,21
1122,Corsley Edwards,58
1123,Doug Edwards,15
1124,Franklin Edwards,22
1125,James Edwards,46
1126,Jay Edwards,33
1127,John Edwards,
1128,Kevin Edwards,20
1129,Shane Edwards,
1130,Johnny Egan,12
1131,Lonnie Eggleston,
1132,Bulbs Ehlers,3
1133,Craig Ehlo,48
1134,Rich Eichhorst,
1135,Howard Eisley,30
1136,Obinna Ekezie,37
1137,Khalid El-Amin,34
1138,Don Eliason,
1139,Mario Elie,60
1140,Ray Ellefson,
1141,Henry Ellenson,18
1142,Wayne Ellington,28
1143,Bob Elliott,42
1144,Sean Elliott,3
1145,Bo Ellis,17
1146,Boo Ellis,16
1147,Dale Ellis,9
1148,Harold Ellis,
1149,Joe Ellis,13
1150,LaPhonso Ellis,5
1151,LeRon Ellis,22
1152,Leroy Ellis,6
1153,Monta Ellis,40
1154,Pervis Ellison,1
1155,Len Elmore,13
1156,Francisco Elson,41
1157,Darrell Elston,43
1158,Melvin Ely,12
1159,Joel Embiid,3
1160,Wayne Embry,22
1161,Andre Emmett,35
1162,Ned Endress,
1163,Chris Engler,60
1164,Wayne Englestad,
1165,A.J. English,37
1166,Alex English,23
1167,Claude English,10
1168,Jo Jo English,
1169,Kim English,44
1170,Scott English,33
1171,Gene Englund,
1172,James Ennis,50
1173,Tyler Ennis,18
1174,Ray Epps,04
1175,Semih Erden,60
1176,Bo Erias,43
1177,Keith Erickson,18
1178,Julius Erving,12
1179,Evan Eschmeyer,34
1180,Jack Eskridge,
1181,Vincenzo Esposito,
1182,Billy Evans,75
1183,Bob Evans,
1184,Brian Evans,27
1185,Earl Evans,57
1186,Jawun Evans,39
1187,Jeremy Evans,55
1188,Maurice Evans,
1189,Mike Evans,21
1190,Reggie Evans,
1191,Tyreke Evans,4
1192,Daniel Ewing,32
1193,Patrick Ewing,1
1194,Patrick Ewing,43
1195,Dante Exum,5
1196,Christian Eyenga,30
1197,Festus Ezeli,30
1198,Johnny Ezersky,
1199,Joe Fabel,
1200,John Fairchild,16
1201,Phil Farbman,
1202,Kenneth Faried,22
1203,Dick Farley,15
1204,Jordan Farmar,26
1205,Desmon Farmer,
1206,Jim Farmer,20
1207,Mike Farmer,3
1208,Tony Farmer,
1209,Bob Faught,
1210,Vitor Faverani,
1211,Derrick Favors,3
1212,Nick Fazekas,34
1213,Dave Fedor,23
1214,Bob Feerick,
1215,Butch Feher,33
1216,Jamie Feick,48
1217,Ron Feiereisel,
1218,George Feigenbaum,
1219,Dave Feitl,43
1220,Kay Felder,54
1221,Cristiano Felicio,
1222,Carrick Felix,33
1223,Noel Felix,
1224,Ray Felix,1
1225,Raymond Felton,5
1226,Jake Fendley,23
1227,Warren Fenley,
1228,Desmond Ferguson,
1229,Terrance Ferguson,21
1230,Rudy Fernandez,24
1231,Eric Fernsten,62
1232,Al Ferrari,15
1233,Rolando Ferreira,26
1234,Duane Ferrell,
1235,Yogi Ferrell,
1236,Arnie Ferrin,
1237,Bob Ferry,
1238,Danny Ferry,2
1239,Kyrylo Fesenko,38
1240,Bobby Fields,54
1241,Kenny Fields,21
1242,Landry Fields,39
1243,Ron Filipek,00
1244,Greg Fillmore,36
1245,Larry Finch,68
1246,Hank Finkel,30
1247,Michael Finley,21
1248,Danny Finn,
1249,Dorian Finney-Smith,
1250,Matt Fish,50
1251,Derek Fisher,24
1252,Richard Fisher,27
1253,Gerald Fitch,
1254,Bob Fitzgerald,
1255,Dick Fitzgerald,
1256,Marcus Fizer,4
1257,Jerry Fleishman,
1258,Al Fleming,30
1259,Ed Fleming,16
1260,Vern Fleming,18
1261,Luis Flores,55
1262,Bruce Flowers,26
1263,Sleepy Floyd,13
1264,Jonny Flynn,6
1265,Mike Flynn,13
1266,Larry Fogle,34
1267,Jack Foley,16
1268,Isaac Fontaine,
1269,Levi Fontaine,70
1270,Jeff Foote,
1271,Bryn Forbes,
1272,Gary Forbes,
1273,Alphonso Ford,32
1274,Alton Ford,51
1275,Bob Ford,74
1276,Chris Ford,17
1277,Don Ford,92
1278,Jake Ford,65
1279,Phil Ford,2
1280,Sharrod Ford,
1281,Sherell Ford,26
1282,T.J. Ford,8
1283,Donnie Forman,
1284,Bayard Forrest,54
1285,Joseph Forte,21
1286,Courtney Fortson,
1287,Danny Fortson,10
1288,Fred Foster,28
1289,Greg Foster,35
1290,Jeff Foster,21
1291,Jimmy Foster,57
1292,Rod Foster,28
1293,Antonis Fotsis,48
1294,Evan Fournier,20
1295,Larry Foust,5
1296,Calvin Fowler,
1297,Jerry Fowler,
1298,Tremaine Fowlkes,54
1299,De'Aaron Fox,5
1300,Harold Fox,15
1301,Jim Fox,67
1302,Rick Fox,24
1303,Randy Foye,7
1304,Adonal Foyle,8
1305,Richie Frahm,
1306,Steve Francis,2
1307,Tellis Frank,14
1308,Nat Frankel,
1309,Jamaal Franklin,41
1310,William Franklin,10
1311,Ronald Franz,33
1312,Tim Frazier,
1313,Walt Frazier,5
1314,Will Frazier,9
1315,Anthony Frederick,33
1316,Jimmer Fredette,10
1317,World B. Free,23
1318,Joel Freeland,30
1319,Donnie Freeman,29
1320,Gary Freeman,16
1321,Rod Freeman,66
1322,Matt Freije,53
1323,Frido Frey,
1324,Larry Friend,13
1325,Pat Frink,27
1326,Jim Fritsche,7
1327,Channing Frye,8
1328,Bernie Fryer,09
1329,Frank Fucarino,
1330,Herm Fuetsch,
1331,Joe Fulks,
1332,Carl Fuller,73
1333,Hiram Fuller,
1334,Todd Fuller,11
1335,Tony Fuller,93
1336,Markelle Fultz,1
1337,Lawrence Funderburke,51
1338,Terry Furlow,12
1339,Bill Gabor,
1340,Dan Gadzuric,34
1341,Deng Gai,
1342,Elmer Gainer,
1343,Bill Gaines,82
1344,Corey Gaines,65
1345,David Gaines,
1346,Reece Gaines,15
1347,Sundiata Gaines,
1348,Mike Gale,47
1349,Chad Gallagher,32
1350,Harry Gallatin,
1351,Danilo Gallinari,6
1352,Langston Galloway,
1353,Dave Gambee,6
1354,Kevin Gamble,63
1355,Bob Gantt,
1356,Jorge Garbajosa,
1357,Ruben Garces,
1358,Alex Garcia,
1359,Francisco Garcia,23
1360,Chuck Gardner,80
1361,Earl Gardner,
1362,Kenneth Gardner,82
1363,Thomas Gardner,
1364,Vern Gardner,5
1365,Jack Garfinkel,
1366,Patricio Garino,
1367,Gary Garland,30
1368,Winston Garland,40
1369,Dick Garmaker,80
1370,Bill Garner,68
1371,Chris Garner,
1372,Bill Garnett,4
1373,Kevin Garnett,5
1374,Marlon Garnett,
1375,Calvin Garrett,47
1376,Dean Garrett,38
1377,Diante Garrett,
1378,Dick Garrett,27
1379,Rowland Garrett,78
1380,Tom Garrick,45
1381,John Garris,27
1382,Kiwane Garris,
1383,Pat Garrity,19
1384,Jim Garvin,04
1385,Marc Gasol,48
1386,Pau Gasol,3
1387,Frank Gates,
1388,Chris Gatling,16
1389,Kenny Gattison,55
1390,Rudy Gay,8
1391,Ed Gayda,
1392,Andrew Gaze,
1393,Michael Gbinije,49
1394,Reggie Geary,56
1395,Alonzo Gee,
1396,Matt Geiger,42
1397,Mickael Gelabale,48
1398,Devean George,23
1399,Jack George,
1400,Paul George,10
1401,Tate George,22
1402,Marcus Georges-Hunt,
1403,Gus Gerard,50
1404,Derrick Gervin,90
1405,George Gervin,40
1406,Gorham Getchell,
1407,John Gianelli,20
1408,Dick Gibbs,49
1409,Daniel Gibson,42
1410,Dee Gibson,
1411,Hoot Gibson,
1412,Jonathan Gibson,
1413,Mel Gibson,16
1414,Mike Gibson,44
1415,Taj Gibson,26
1416,J.R. Giddens,30
1417,Trey Gilder,
1418,Eddie Gill,
1419,Kendall Gill,5
1420,Ben Gillery,
1421,Jack Gillespie,66
1422,Gene Gillette,
1423,Armen Gilliam,2
1424,Herm Gilliam,63
1425,Artis Gilmore,17
1426,Walt Gilmore,25
1427,Chuck Gilmur,
1428,Manu Ginobili,57
1429,Gordan Giricek,40
1430,Jack Givens,16
1431,Mickell Gladness,
1432,George Glamack,
1433,Gerald Glass,20
1434,Mike Glenn,23
1435,Normie Glick,
1436,Georgi Glouchkov,48
1437,Clarence Glover,10
1438,Dion Glover,20
1439,Andreas Glyniadakis,58
1440,Mike Gminski,7
1441,Rudy Gobert,27
1442,Dan Godfread,
1443,Tom Gola,
1444,Ben Goldfaden,
1445,Anthony Goldwire,52
1446,Ryan Gomes,50
1447,Glen Gondrezick,26
1448,Grant Gondrezick,77
1449,Drew Gooden,4
1450,Gail Goodrich,
1451,Steve Goodrich,
1452,Archie Goodwin,29
1453,Pop Goodwin,
1454,Aaron Gordon,4
1455,Ben Gordon,3
1456,Drew Gordon,
1457,Eric Gordon,7
1458,Lancaster Gordon,8
1459,Paul Gordon,
1460,Marcin Gortat,57
1461,Leo Gottlieb,
1462,Andrew Goudelock,46
1463,Gerald Govan,88
1464,Bato Govedarica,24
1465,Joe Graboski,
1466,Ricky Grace,67
1467,Calvin Graham,
1468,Greg Graham,17
1469,Joey Graham,16
1470,Mal Graham,11
1471,Orlando Graham,40
1472,Paul Graham,
1473,Stephen Graham,
1474,Treveon Graham,
1475,Jim Grandholm,76
1476,Ron Grandison,00
1477,Danny Granger,17
1478,Stewart Granger,24
1479,Brian Grant,8
1480,Bud Grant,
1481,Gary Grant,15
1482,Greg Grant,52
1483,Harvey Grant,12
1484,Horace Grant,10
1485,Jerami Grant,39
1486,Jerian Grant,19
1487,Josh Grant,43
1488,Paul Grant,20
1489,Travis Grant,13
1490,Don Grate,
1491,Butch Graves,68
1492,Aaron Gray,49
1493,Devin Gray,
1494,Ed Gray,22
1495,Evric Gray,
1496,Gary Gray,26
1497,Josh Gray,
1498,Leonard Gray,45
1499,Stuart Gray,29
1500,Sylvester Gray,35
1501,Wyndol Gray,
1502,Jeff Grayer,13
1503,Bob Greacen,17
1504,A.C. Green,23
1505,Danny Green,46
1506,Devin Green,
1507,Draymond Green,35
1508,Erick Green,46
1509,Gerald Green,18
1510,JaMychal Green,
1511,Jeff Green,5
1512,Johnny Green,5
1513,Ken Green,34
1514,Kenny Green,12
1515,Lamar Green,33
1516,Litterial Green,39
1517,Luther Green,41
1518,Mike Green,4
1519,Rickey Green,16
1520,Sean Green,41
1521,Si Green,1
1522,Sidney Green,5
1523,Steve Green,30
1524,Taurean Green,52
1525,Tommie Green,35
1526,Willie Green,41
1527,Donte Greene,28
1528,Orien Greene,53
1529,Jerry Greenspan,24
1530,Dave Greenwood,2
1531,Hal Greer,13
1532,Lynn Greer,
1533,Gary Gregor,24
1534,Claude Gregory,41
1535,John Greig,65
1536,Norm Grekin,
1537,Kevin Grevey,18
1538,Dennis Grey,
1539,Adrian Griffin,
1540,Blake Griffin,1
1541,Eddie Griffin,7
1542,Greg Griffin,71
1543,Paul Griffin,74
1544,Taylor Griffin,48
1545,Darrell Griffith,2
1546,Chuck Grigsby,
1547,Derek Grimm,
1548,Woody Grimshaw,
1549,Dick Groat,3
1550,Bob Gross,25
1551,Mike Grosso,42
1552,Jerry Grote,28
1553,Alex Groza,2
1554,Dick Grubar,83
1555,Anthony Grundy,
1556,Ernie Grunfeld,11
1557,Gene Guarilia,14
1558,Petur Gudmundsson,61
1559,Richie Guerin,17
1560,Tom Gugliotta,6
1561,Andres Guibert,
1562,Jay Guidinger,
1563,Coulby Gunther,
1564,Dave Gunther,56
1565,Al Guokas,
1566,Matt Guokas,
1567,Matt Guokas,9
1568,Jorge Gutierrez,
1569,A.J. Guyton,32
1570,Rudy Hackett,37
1571,Hamed Haddadi,
1572,Jim Hadnot,25
1573,Scott Haffner,45
1574,Cliff Hagan,
1575,Glenn Hagan,43
1576,Tom Hagan,36
1577,Robert Hahn,
1578,Al Hairston,52
1579,Happy Hairston,33
1580,Lindsay Hairston,64
1581,Malik Hairston,48
1582,P.J. Hairston,26
1583,Marcus Haislip,13
1584,Chick Halbert,
1585,Swede Halbrook,
1586,Bruce Hale,
1587,Hal Hale,
1588,Jack Haley,79
1589,Shaler Halimon,14
1590,Mike Hall,
1591,Jeff Halliburton,39
1592,Darvin Ham,
1593,Steve Hamer,38
1594,Dale Hamilton,
1595,Daniel Hamilton,56
1596,Dennis Hamilton,
1597,Joe Hamilton,52
1598,Jordan Hamilton,26
1599,Justin Hamilton,45
1600,Ralph Hamilton,
1601,Richard Hamilton,7
1602,Roy Hamilton,10
1603,Steve Hamilton,67
1604,Tang Hamilton,
1605,Thomas Hamilton,
1606,Zendon Hamilton,
1607,Geert Hammink,26
1608,Julian Hammond,82
1609,Tom Hammonds,9
1610,A.J. Hammons,46
1611,Joe Hamood,
1612,Darrin Hancock,38
1613,Ben Handlogten,
1614,Cecil Hankins,
1615,Phil Hankinson,35
1616,Alex Hannum,
1617,Don Hanrahan,
1618,Rollen Hans,
1619,Ben Hansbrough,
1620,Tyler Hansbrough,13
1621,Bob Hansen,54
1622,Glenn Hansen,31
1623,Lars Hansen,37
1624,Travis Hansen,37
1625,Reggie Hanson,
1626,Bill Hanzlik,20
1627,Luke Harangody,52
1628,Anfernee Hardaway,3
1629,Tim Hardaway,14
1630,Tim Hardaway,24
1631,James Harden,3
1632,Reggie Harding,29
1633,Charlie Hardnett,19
1634,Alan Hardy,
1635,Darrell Hardy,21
1636,James Hardy,11
1637,Ira Harge,57
1638,John Hargis,
1639,Maurice Harkless,15
1640,Jerry Harkness,65
1641,Skip Harlicka,13
1642,Jerome Harmon,
1643,Derek Harper,11
1644,Justin Harper,32
1645,Mike Harper,56
1646,Ron Harper,8
1647,Matt Harpring,15
1648,Montrezl Harrell,32
1649,Josh Harrellson,45
1650,Adam Harrington,
1651,Al Harrington,25
1652,Junior Harrington,
1653,Othella Harrington,30
1654,Art Harris,16
1655,Bernie Harris,63
1656,Billy Harris,15
1657,Bob Harris,3
1658,Chris Harris,
1659,Devin Harris,5
1660,Elias Harris,
1661,Gary Harris,19
1662,Joe Harris,33
1663,Lucious Harris,28
1664,Manny Harris,
1665,Mike Harris,
1666,Steve Harris,19
1667,Terrel Harris,
1668,Tobias Harris,19
1669,Tony Harris,
1670,Aaron Harrison,
1671,Andrew Harrison,44
1672,Bob Harrison,
1673,David Harrison,29
1674,Shaquille Harrison,
1675,Jason Hart,49
1676,Josh Hart,30
1677,Antonio Harvey,
1678,Donnell Harvey,22
1679,Scott Haskin,14
1680,Clem Haskins,3
1681,Udonis Haslem,
1682,Trenton Hassell,30
1683,Billy Hassett,
1684,Joe Hassett,52
1685,Scott Hastings,29
1686,Kirk Haston,16
1687,Vern Hatton,9
1688,John Havlicek,7
1689,Spencer Hawes,10
1690,Steve Hawes,24
1691,Bubbles Hawkins,51
1692,Connie Hawkins,
1693,Hersey Hawkins,6
1694,Juaquin Hawkins,
1695,Marshall Hawkins,
1696,Michael Hawkins,
1697,Tom Hawkins,3
1698,Nate Hawthorne,18
1699,Chuck Hayes,
1700,Elvin Hayes,1
1701,Jarvis Hayes,10
1702,Jim Hayes,47
1703,Nigel Hayes,
1704,Steve Hayes,76
1705,Gordon Hayward,9
1706,Lazar Hayward,30
1707,Brendan Haywood,20
1708,Spencer Haywood,30
1709,John Hazen,
1710,Walt Hazzard,
1711,Luther Head,24
1712,Shane Heal,
1713,Brian Heaney,15
1714,Gar Heard,40
1715,Reggie Hearn,
1716,Herm Hedderick,
1717,Alvin Heggs,
1718,Tom Heinsohn,
1719,Dick Hemric,10
1720,Alan Henderson,16
1721,Cedric Henderson,32
1722,Cedric Henderson,44
1723,Dave Henderson,58
1724,Gerald Henderson,64
1725,Gerald Henderson,12
1726,J.R. Henderson,56
1727,Jerome Henderson,
1728,Kevin Henderson,50
1729,Tom Henderson,7
1730,Mark Hendrickson,31
1731,Larry Hennessy,
1732,Don Henriksen,
1733,Al Henry,12
1734,Bill Henry,
1735,Carl Henry,80
1736,Conner Henry,89
1737,Myke Henry,
1738,Skeeter Henry,
1739,Xavier Henry,12
1740,John Henson,14
1741,Steve Henson,44
1742,Charles Hentz,63
1743,Bill Herman,
1744,Kleggie Hermsen,
1745,Juan Hernangomez,15
1746,Willy Hernangomez,35
1747,Chris Herren,33
1748,Carl Herrera,30
1749,Walter Herrmann,
1750,Keith Herron,24
1751,Sonny Hertzberg,
1752,Dan Hester,31
1753,Fred Hetzel,1
1754,Bill Hewitt,11
1755,Jack Hewson,
1756,Art Heyman,1
1757,Mario Hezonja,5
1758,Roy Hibbert,17
1759,Nat Hickey,
1760,Isaiah Hicks,
1761,Phil Hicks,61
1762,J.J. Hickson,19
1763,Buddy Hield,6
1764,Bill Higgins,09
1765,Cory Higgins,
1766,Earle Higgins,36
1767,Mike Higgins,
1768,Rod Higgins,31
1769,Sean Higgins,54
1770,Kenny Higgs,
1771,Johnny High,24
1772,Wayne Hightower,5
1773,Nene,7
1774,Armond Hill,9
1775,Cleo Hill,8
1776,Gary Hill,11
1777,George Hill,26
1778,Grant Hill,3
1779,Jordan Hill,8
1780,Simmie Hill,16
1781,Solomon Hill,23
1782,Steven Hill,
1783,Tyrone Hill,11
1784,Art Hillhouse,
1785,Darrun Hilliard,38
1786,Darnell Hillman,8
1787,Fred Hilton,19
1788,Kirk Hinrich,7
1789,Roy Hinson,20
1790,Mel Hirsch,
1791,Lew Hitch,19
1792,Robert Hite,
1793,Darington Hobson,37
1794,Donald Hodge,33
1795,Julius Hodge,20
1796,Craig Hodges,48
1797,Charlie Hoefer,
1798,Paul Hoffman,
1799,Bob Hogsett,
1800,Paul Hogue,2
1801,Fred Hoiberg,52
1802,Doug Holcomb,
1803,Randy Holcomb,57
1804,Jrue Holiday,17
1805,Justin Holiday,
1806,Brad Holland,14
1807,Joe Holland,
1808,John Holland,
1809,Wilbur Holland,75
1810,Lionel Hollins,6
1811,Ryan Hollins,50
1812,Essie Hollis,44
1813,Rondae Hollis-Jefferson,23
1814,Dennis Holman,
1815,Richaun Holmes,37
1816,Jim Holstein,
1817,A.W. Holt,
1818,Mike Holton,53
1819,Dick Holub,5
1820,Joe Holup,00
1821,Red Holzman,
1822,Jerald Honeycutt,38
1823,Tyler Honeycutt,35
1824,Derek Hood,
1825,Rodney Hood,23
1826,Bobby Hooper,00
1827,Carroll Hooser,52
1828,Tom Hoover,6
1829,Bob Hopkins,
1830,Dave Hoppen,65
1831,Dennis Hopson,3
1832,Scotty Hopson,
1833,Johnny Horan,6
1834,Cedrick Hordges,49
1835,Al Horford,3
1836,Tito Horford,39
1837,Ron Horn,16
1838,Jeff Hornacek,46
1839,Dennis Horner,
1840,Robert Horry,11
1841,Ed Horton,39
1842,Bill Hosket,10
1843,Bob Houbregs,2
1844,Danuel House,
1845,Eddie House,37
1846,Allan Houston,11
1847,Byron Houston,27
1848,Tom Hovasse,
1849,Brian Howard,
1850,Dwight Howard,1
1851,Greg Howard,10
1852,Josh Howard,29
1853,Juwan Howard,5
1854,Mo Howard,32
1855,Otis Howard,80
1856,Stephen Howard,
1857,Bailey Howell,2
1858,Bob Hubbard,
1859,Phil Hubbard,15
1860,Lester Hudson,58
1861,Lou Hudson,4
1862,Troy Hudson,
1863,Marcelo Huertas,
1864,Josh Huestis,29
1865,Nate Huffman,
1866,Alfredrick Hughes,14
1867,Eddie Hughes,40
1868,Kim Hughes,45
1869,Larry Hughes,8
1870,Rick Hughes,
1871,Robbie Hummel,58
1872,John Hummer,15
1873,Ryan Humphrey,19
1874,Jay Humphries,13
1875,Kris Humphries,14
1876,Hot Rod Hundley,1
1877,Brandon Hunter,56
1878,Cedric Hunter,
1879,Chris Hunter,
1880,Les Hunter,9
1881,Lindsey Hunter,10
1882,Othello Hunter,
1883,R.J. Hunter,28
1884,Steven Hunter,15
1885,Vince Hunter,
1886,Bobby Hurley,7
1887,Roy Hurley,
1888,Geoff Huston,50
1889,Paul Huston,8
1890,Mel Hutchins,2
1891,Joe Hutton,
1892,Greg Hyder,39
1893,Marc Iavaroni,55
1894,Serge Ibaka,24
1895,Andre Iguodala,9
1896,Zydrunas Ilgauskas,20
1897,Mile Ilic,43
1898,D.J. Mbenga,
1899,Ersan Ilyasova,36
1900,Darrall Imhoff,3
1901,Tom Ingelsby,27
1902,Joe Ingles,
1903,Damien Inglis,31
1904,Brandon Ingram,2
1905,McCoy Ingram,
1906,Ervin Inniger,
1907,Byron Irvin,22
1908,George Irvine,25
1909,Kyrie Irving,1
1910,Jonathan Isaac,6
1911,Dan Issel,22
1912,Mike Iuzzolino,35
1913,Allen Iverson,1
1914,Willie Iverson,
1915,Royal Ivey,37
1916,Elvin Ivory,
1917,Wesley Iwundu,33
1918,Warren Jabali,44
1919,Jarrett Jack,22
1920,Al Jackson,
1921,Bobby Jackson,23
1922,Cedric Jackson,
1923,Darnell Jackson,52
1924,Demetrius Jackson,45
1925,Greg Jackson,86
1926,Jaren Jackson,
1927,Jermaine Jackson,
1928,Jim Jackson,4
1929,Josh Jackson,4
1930,Justin Jackson,15
1931,Luke Jackson,4
1932,Luke Jackson,10
1933,Marc Jackson,37
1934,Mark Jackson,18
1935,Mervin Jackson,20
1936,Michael Jackson,47
1937,Mike Jackson,04
1938,Myron Jackson,85
1939,Phil Jackson,17
1940,Pierre Jackson,42
1941,Ralph Jackson,71
1942,Randell Jackson,
1943,Reggie Jackson,24
1944,Stanley Jackson,
1945,Stephen Jackson,42
1946,Tony Jackson,24
1947,Tony Jackson,87
1948,Tracy Jackson,25
1949,Wardell Jackson,98
1950,Fred Jacobs,
1951,Casey Jacobsen,22
1952,Sam Jacobson,26
1953,Dave Jamerson,15
1954,Aaron James,28
1955,Bernard James,33
1956,Billy James,
1957,Damion James,24
1958,Gene James,
1959,Henry James,
1960,Jerome James,36
1961,LeBron James,1
1962,Mike James,
1963,Mike James,
1964,Tim James,25
1965,Antawn Jamison,4
1966,Harold Jamison,
1967,John Janisch,
1968,Howie Janotta,
1969,Marko Jaric,30
1970,Tony Jaros,
1971,Jim Jarvis,45
1972,Sarunas Jasikevicius,
1973,Nathan Jawai,41
1974,Buddy Jeannette,
1975,Abdul Jeelani,
1976,Chris Jefferies,27
1977,Othyus Jeffers,
1978,Al Jefferson,15
1979,Cory Jefferson,60
1980,Dontell Jefferson,
1981,Richard Jefferson,13
1982,Jared Jeffries,11
1983,Charles Jenkins,44
1984,Horace Jenkins,
1985,John Jenkins,23
1986,Brandon Jennings,10
1987,Keith Jennings,
1988,Chris Jent,
1989,Les Jepsen,28
1990,Jonas Jerebko,39
1991,Grant Jerrett,40
1992,Eugene Jeter,
1993,Hal Jeter,
1994,Yi Jianlian,6
1995,Britton Johnsen,
1996,Alexander Johnson,45
1997,Amir Johnson,56
1998,Andy Johnson,
1999,Anthony Johnson,39
2000,Armon Johnson,34
2001,Arnie Johnson,
2002,Avery Johnson,
2003,Brice Johnson,25
2004,Buck Johnson,20
2005,Carldell Johnson,
2006,Charles Johnson,93
2007,Cheese Johnson,54
2008,Chris Johnson,
2009,Chris Johnson,
2010,Clay Johnson,10
2011,Clemon Johnson,44
2012,Dakari Johnson,48
2013,Darryl Johnson,58
2014,Dave Johnson,26
2015,DeMarco Johnson,38
2016,Dennis Johnson,29
2017,DerMarr Johnson,6
2018,Ed Johnson,34
2019,Eddie Johnson,49
2020,Eddie Johnson,29
2021,Eric Johnson,
2022,Ervin Johnson,23
2023,Frank Johnson,11
2024,George Johnson,9
2025,George Johnson,79
2026,George Johnson,12
2027,Gus Johnson,10
2028,Harold Johnson,
2029,Ivan Johnson,
2030,JaJuan Johnson,27
2031,James Johnson,16
2032,Joe Johnson,10
2033,John Johnson,7
2034,Kannard Johnson,41
2035,Ken Johnson,28
2036,Ken Johnson,49
2037,Kevin Johnson,7
2038,Larry Johnson,24
2039,Larry Johnson,1
2040,Lee Johnson,17
2041,Linton Johnson,
2042,Magic Johnson,1
2043,Marques Johnson,3
2044,Mickey Johnson,56
2045,Neil Johnson,15
2046,Nick Johnson,42
2047,Ollie Johnson,30
2048,Orlando Johnson,36
2049,Ralph Johnson,
2050,Reggie Johnson,15
2051,Rich Johnson,46
2052,Ron Johnson,12
2053,Stanley Johnson,8
2054,Steffond Johnson,00
2055,Steve Johnson,7
2056,Stew Johnson,21
2057,Trey Johnson,
2058,Tyler Johnson,
2059,Vinnie Johnson,7
2060,Wesley Johnson,4
2061,Darius Johnson-Odom,55
2062,Nate Johnston,59
2063,Neil Johnston,
2064,Jim Johnstone,51
2065,Nikola Jokic,41
2066,Howie Jolliff,
2067,Alvin Jones,57
2068,Anthony Jones,21
2069,Askia Jones,
2070,Bill Jones,
2071,Bobby Jones,5
2072,Bobby Jones,37
2073,Caldwell Jones,32
2074,Charles Jones,65
2075,Charles Jones,36
2076,Charles Jones,
2077,Collis Jones,17
2078,Dahntay Jones,20
2079,Damian Jones,30
2080,Damon Jones,
2081,DeQuan Jones,
2082,Derrick Jones,
2083,Dominique Jones,25
2084,Dontae' Jones,21
2085,Dwayne Jones,
2086,Dwight Jones,9
2087,Earl Jones,23
2088,Eddie Jones,10
2089,Edgar Jones,31
2090,Fred Jones,14
2091,Hutch Jones,
2092,Jake Jones,97
2093,Jalen Jones,
2094,James Jones,49
2095,Jimmy Jones,13
2096,Johnny Jones,
2097,Jumaine Jones,27
2098,K.C. Jones,
2099,Kevin Jones,
2100,Larry Jones,43
2101,Major Jones,20
2102,Mark Jones,82
2103,Mark Jones,
2104,Nick Jones,31
2105,Ozell Jones,90
2106,Perry Jones,28
2107,Popeye Jones,41
2108,Rich Jones,49
2109,Robin Jones,
2110,Sam Jones,8
2111,Shelton Jones,27
2112,Solomon Jones,33
2113,Steve Jones,
2114,Terrence Jones,18
2115,Tyus Jones,24
2116,Wah Wah Jones,8
2117,Wali Jones,18
2118,Wil Jones,69
2119,Willie Jones,36
2120,Adonis Jordan,42
2121,Charles Jordan,
2122,DeAndre Jordan,35
2123,Eddie Jordan,33
2124,Jerome Jordan,44
2125,Michael Jordan,3
2126,Reggie Jordan,
2127,Thomas Jordan,
2128,Walter Jordan,84
2129,Phil Jordon,
2130,Johnny Jorgensen,
2131,Noble Jorgensen,
2132,Roger Jorgensen,
2133,Cory Joseph,29
2134,Garth Joseph,
2135,Kris Joseph,51
2136,Yvon Joseph,36
2137,Kevin Joyce,11
2138,Butch Joyner,11
2139,Jeff Judkins,30
2140,Whitey Kachan,
2141,George Kaftan,
2142,Ed Kalafat,9
2143,Chris Kaman,6
2144,Frank Kaminsky,9
2145,Enes Kanter,3
2146,Ralph Kaplowitz,
2147,Jason Kapono,31
2148,Tony Kappen,
2149,Sergey Karasev,19
2150,Coby Karl,
2151,George Karl,66
2152,Ed Kasid,
2153,Mario Kasun,41
2154,Leo Katkaveck,
2155,Bob Kauffman,3
2156,Sasha Kaun,56
2157,Wilbert Kautz,
2158,Clarence Kea,69
2159,Mike Kearns,48
2160,Tommy Kearns,29
2161,Adam Keefe,10
2162,Harold Keeling,63
2163,Bill Keller,87
2164,Gary Keller,59
2165,Ken Keller,
2166,Rich Kelley,7
2167,Clark Kellogg,8
2168,Arvesta Kelly,85
2169,Jerry Kelly,
2170,Ryan Kelly,48
2171,Tom Kelly,
2172,Greg Kelser,4
2173,Ben Kelso,17
2174,Shawn Kemp,17
2175,Tim Kempton,24
2176,Frank Kendrick,47
2177,Luke Kennard,12
2178,D.J. Kennedy,
2179,Goo Kennedy,39
2180,Joe Kennedy,22
2181,Pickles Kennedy,15
2182,Larry Kenon,50
2183,Billy Kenville,
2184,Jonathan Kerner,
2185,Red Kerr,6
2186,Steve Kerr,50
2187,Jack Kerris,9
2188,Jerome Kersey,46
2189,Tom Kerwin,43
2190,Alec Kessler,12
2191,Lari Ketner,49
2192,Julius Keye,02
2193,Randolph Keys,22
2194,Viktor Khryapa,22
2195,Jason Kidd,2
2196,Warren Kidd,
2197,Michael Kidd-Gilchrist,2
2198,Irv Kiffin,
2199,Jack Kiley,13
2200,Earnie Killum,30
2201,Carl Kilpatrick,58
2202,Sean Kilpatrick,
2203,Toby Kimball,26
2204,Bo Kimble,8
2205,Stan Kimbrough,
2206,Chad Kinch,22
2207,Albert King,10
2208,Bernard King,7
2209,Chris King,45
2210,Dan King,
2211,Frankie King,37
2212,George King,
2213,Gerard King,
2214,Jim King,13
2215,Jimmy King,35
2216,Loyd King,24
2217,Maurice King,48
2218,Reggie King,18
2219,Rich King,14
2220,Ron King,63
2221,Stacey King,6
2222,Tom King,
2223,Bob Kinney,
2224,Tarence Kinsey,
2225,Andrei Kirilenko,24
2226,Alex Kirk,
2227,Walt Kirk,
2228,Wilber Kirkland,
2229,Jim Kissane,55
2230,Doug Kistler,26
2231,Curtis Kitchen,22
2232,Greg Kite,21
2233,Kerry Kittles,8
2234,Maxi Kleber,
2235,Joe Kleine,6
2236,Linas Kleiza,27
2237,Leo Klier,
2238,Herm Klotz,
2239,Duane Klueh,
2240,Lonnie Kluttz,96
2241,Billy Knight,21
2242,Bob Knight,
2243,Brandin Knight,
2244,Brandon Knight,8
2245,Brevin Knight,16
2246,Negele Knight,31
2247,Ron Knight,76
2248,Toby Knight,32
2249,Travis Knight,29
2250,Lee Knorek,
2251,Dick Knostman,
2252,Rod Knowles,77
2253,Bart Kofoed,07
2254,Don Kojis,21
2255,Milo Komenich,
2256,Howard Komives,13
2257,Jon Koncak,5
2258,Tom Kondla,91
2259,Bud Koper,14
2260,Joe Kopicki,56
2261,Furkan Korkmaz,26
2262,Frank Kornet,30
2263,Luke Kornet,
2264,Yaroslav Korolev,12
2265,Kyle Korver,51
2266,Tony Koski,
2267,Len Kosmalski,24
2268,Andy Kostecka,
2269,Harold Kottman,
2270,Kosta Koufos,23
2271,Tom Kozelko,48
2272,Ronald Kozlicki,41
2273,Arvid Kramer,45
2274,Barry Kramer,6
2275,Joel Kramer,63
2276,Steven Kramer,
2277,Dan Kraus,
2278,Herb Krautblatt,
2279,Viacheslav Kravtsov,
2280,Jim Krebs,3
2281,Wayne Kreklow,53
2282,Tommy Kron,24
2283,Tom Kropp,48
2284,Nenad Krstic,24
2285,Larry Krystkowiak,28
2286,Steve Kuberski,52
2287,Leo Kubiak,
2288,Bruce Kuczenski,59
2289,Frank Kudelka,
2290,John Kuester,53
2291,Ray Kuka,
2292,Toni Kukoc,29
2293,Kevin Kunnert,12
2294,Terry Kunze,58
2295,Mitch Kupchak,13
2296,C.J. Kupec,56
2297,Rob Kurz,
2298,Ibo Kutluay,
2299,Kyle Kuzma,27
2300,Ognjen Kuzmic,52
2301,Mindaugas Kuzminskas,
2302,Skal Labissiere,28
2303,Reggie Lacefield,55
2304,Edgar Lacey,
2305,Sam Lacey,5
2306,Bob Lackey,71
2307,Fred LaCour,22
2308,Wendell Ladner,
2309,Christian Laettner,3
2310,Oliver Lafayette,
2311,Raef LaFrentz,3
2312,Tom LaGarde,9
2313,Bill Laimbeer,65
2314,Pete Lalich,
2315,Bo Lamar,44
2316,Doron Lamb,42
2317,Jeremy Lamb,12
2318,John Lambert,15
2319,Jeff Lamp,15
2320,Maciej Lampe,30
2321,Jim Lampley,02
2322,Sean Lampley,45
2323,Carl Landry,31
2324,Marcus Landry,
2325,Mark Landsberger,35
2326,Jerome Lane,23
2327,Andrew Lang,28
2328,Antonio Lang,29
2329,James Lang,48
2330,Trajan Langdon,11
2331,Keith Langford,
2332,Dan Langhi,31
2333,Bob Lanier,1
2334,Stu Lantz,23
2335,Nicolas Laprovittola,
2336,York Larese,46
2337,Shane Larkin,18
2338,Rusty LaRue,
2339,Rudy LaRusso,10
2340,John Laskowski,32
2341,Stephane Lasme,46
2342,Dave Lattin,10
2343,Priest Lauderdale,28
2344,Rich Laurel,19
2345,Harry Laurie,98
2346,Walt Lautenbach,
2347,Joffrey Lauvergne,55
2348,Tony Lavelli,4
2349,Zach LaVine,13
2350,Bob Lavoy,8
2351,Acie Law,11
2352,Gani Lawal,46
2353,Edmund Lawrence,84
2354,Jason Lawson,41
2355,Ty Lawson,18
2356,Jake Layman,47
2357,Mo Layton,48
2358,T.J. Leaf,18
2359,Manny Leaks,20
2360,Hal Lear,7
2361,Allen Leavell,04
2362,Jeff Lebo,
2363,Eric Leckner,17
2364,Ricky Ledo,43
2365,Butch Lee,10
2366,Clyde Lee,3
2367,Courtney Lee,22
2368,Damion Lee,
2369,David Lee,59
2370,David Lee,30
2371,Dick Lee,
2372,Doug Lee,35
2373,George Lee,24
2374,Greg Lee,15
2375,Keith Lee,11
2376,Kurk Lee,
2377,Malcolm Lee,43
2378,Rock Lee,
2379,Ron Lee,10
2380,Russ Lee,6
2381,Ed Leede,
2382,Hank Lefkowitz,
2383,Tim Legler,
2384,George Lehmann,
2385,"Walt Lemon, Jr.",
2386,Alex Len,5
2387,Voshon Lenard,46
2388,Leary Lentz,
2389,Gary Leonard,34
2390,Kawhi Leonard,15
2391,Meyers Leonard,11
2392,Slick Leonard,10
2393,Jim Les,70
2394,Travis Leslie,47
2395,Ronnie Lester,10
2396,Clifford Lett,
2397,Jon Leuer,40
2398,Andrew Levane,
2399,Fat Lever,11
2400,Caris LeVert,20
2401,Cliff Levingston,9
2402,Bobby Lewis,39
2403,Cedric Lewis,
2404,Freddie Lewis,
2405,Freddie Lewis,88
2406,Grady Lewis,
2407,Martin Lewis,50
2408,Mike Lewis,88
2409,Quincy Lewis,19
2410,Ralph Lewis,39
2411,Rashard Lewis,32
2412,Reggie Lewis,22
2413,Marcus Liberty,42
2414,Todd Lichti,15
2415,Barry Liebowitz,
2416,DeAndre Liggins,53
2417,Bill Ligon,75
2418,Goose Ligon,
2419,Damian Lillard,6
2420,Jeremy Lin,
2421,Steve Lingenfelter,44
2422,Alton Lister,21
2423,Samuel Little,
2424,Gene Littles,68
2425,Randy Livingston,42
2426,Shaun Livingston,4
2427,Ron Livingstone,6
2428,Horacio Llamas Grey,
2429,Bobby Lloyd,69
2430,Chuck Lloyd,59
2431,Earl Lloyd,
2432,Lewis Lloyd,76
2433,Scott Lloyd,24
2434,Riney Lochmann,
2435,Bob Lochmueller,7
2436,Rob Lock,51
2437,Darrell Lockhart,35
2438,Ian Lockhart,
2439,Kevin Loder,17
2440,Don Lofgran,11
2441,Henry Logan,38
2442,John Logan,
2443,Brad Lohaus,45
2444,Art Long,
2445,Grant Long,33
2446,John Long,29
2447,Paul Long,06
2448,Shawn Long,
2449,Willie Long,35
2450,Luc Longley,7
2451,Kevon Looney,30
2452,Brook Lopez,10
2453,Felipe Lopez,24
2454,Raul Lopez,24
2455,Robin Lopez,15
2456,Ryan Lorthridge,
2457,Jim Loscutoff,3
2458,Plummer Lott,54
2459,Kevin Loughery,92
2460,Bob Love,33
2461,Kevin Love,5
2462,Stan Love,9
2463,Clyde Lovellette,9
2464,Sidney Lowe,25
2465,Charlie Lowery,25
2466,Kyle Lowry,24
2467,Al Lucas,
2468,Jerry Lucas,
2469,John Lucas,1
2470,Kalin Lucas,
2471,Maurice Lucas,14
2472,John Lucas III,
2473,Ted Luckenbill,15
2474,Tyronn Lue,23
2475,Jim Luisi,56
2476,Al Lujack,
2477,Phil Lumpkin,34
2478,Ray Lumpp,
2479,Timothe Luwawu-Cabarrot,24
2480,Tyler Lydon,24
2481,Trey Lyles,12
2482,R.B. Lynam,95
2483,George Lynch,12
2484,Kevin Lynch,28
2485,Lonnie Lynn,99
2486,Mike Lynn,51
2487,Sheldon Mac,
2488,Mike Macaluso,88
2489,Ed Macauley,
2490,Todd MacCulloch,47
2491,Ronnie MacGilvray,
2492,Scott Machado,
2493,Arvydas Macijauskas,
2494,Ollie Mack,25
2495,Sam Mack,
2496,Shelvin Mack,34
2497,Malcolm Mackey,27
2498,Rudy Macklin,52
2499,Vernon Macklin,52
2500,Johnny Macknowsky,
2501,Don MacLean,19
2502,Mark Macon,8
2503,Kyle Macy,22
2504,Jack Maddox,
2505,Tito Maddox,38
2506,Gerald Madkins,
2507,Mark Madsen,29
2508,Norm Mager,
2509,Josh Magette,
2510,Corey Maggette,13
2511,Dave Magley,28
2512,Jamaal Magloire,19
2513,Randolph Mahaffey,16
2514,Ian Mahinmi,28
2515,John Mahnken,
2516,Brian Mahoney,69
2517,Mo Mahoney,
2518,Rick Mahorn,35
2519,Dan Majerle,14
2520,Renaldo Major,
2521,Thon Maker,10
2522,Lionel Malamed,
2523,Jeff Malone,10
2524,Karl Malone,13
2525,Moses Malone,
2526,Matt Maloney,
2527,Steve Malovic,49
2528,Mike Maloy,57
2529,Ted Manakas,36
2530,John Mandic,
2531,Frank Mangiapane,
2532,Danny Manning,1
2533,Ed Manning,80
2534,Guy Manning,87
2535,Rich Manning,40
2536,Pace Mannion,43
2537,Nick Mantis,37
2538,Pete Maravich,3
2539,Press Maravich,
2540,Devyn Marble,56
2541,Roy Marble,23
2542,Stephon Marbury,4
2543,Sarunas Marciulionis,27
2544,Saul Mariaschin,
2545,Jack Marin,5
2546,Shawn Marion,9
2547,Boban Marjanovic,
2548,Lauri Markkanen,7
2549,Damir Markota,59
2550,Sean Marks,44
2551,Harvey Marlatt,
2552,Jim Marsh,36
2553,Ricky Marsh,65
2554,Donny Marshall,39
2555,Donyell Marshall,4
2556,Kendall Marshall,13
2557,Rawle Marshall,
2558,Tom Marshall,7
2559,Vester Marshall,
2560,Bill Martin,26
2561,Bob Martin,
2562,Brian Martin,85
2563,Cartier Martin,
2564,Cuonzo Martin,57
2565,Darrick Martin,
2566,Dino Martin,
2567,Don Martin,
2568,Fernando Martin,38
2569,Jarell Martin,25
2570,Jeff Martin,31
2571,Kenyon Martin,1
2572,Kevin Martin,26
2573,LaRue Martin,1
2574,Maurice Martin,16
2575,Phil Martin,29
2576,Slater Martin,
2577,Whitey Martin,10
2578,Jamal Mashburn,4
2579,Al Masino,
2580,Anthony Mason,53
2581,Desmond Mason,17
2582,Frank Mason III,34
2583,Roger Mason,31
2584,Tony Massenburg,43
2585,Eddie Mast,40
2586,Mangok Mathiang,
2587,Johnny Mathis,
2588,Wes Matthews,14
2589,Wesley Matthews,
2590,Ariel Maughan,
2591,Marlon Maxey,28
2592,Jason Maxiell,26
2593,Cedric Maxwell,12
2594,Vernon Maxwell,47
2595,Don May,30
2596,Scott May,2
2597,Sean May,13
2598,Lee Mayberry,23
2599,Clyde Mayes,22
2600,Tharon Mayes,
2601,Bill Mayfield,
2602,Ken Mayfield,50
2603,Eric Maynor,20
2604,O.J. Mayo,3
2605,Travis Mays,14
2606,Matt Mazza,
2607,Luc Mbah a Moute,37
2608,Bob McAdoo,2
2609,James Michael McAdoo,
2610,Ken McBride,
2611,Ray McCallum,36
2612,Bob McCann,32
2613,Brendan McCann,5
2614,Mel McCants,
2615,Rashad McCants,14
2616,Mike McCarron,
2617,Andre McCarter,36
2618,Willie McCarter,12
2619,Johnny McCarthy,
2620,Howie McCarty,
2621,Kelly McCarty,
2622,Walter McCarty,19
2623,Amal McCaskill,49
2624,Patrick McCaw,38
2625,Dwayne McClain,27
2626,Ted McClain,22
2627,Dan McClintock,53
2628,Jack McCloskey,
2629,George McCloud,7
2630,C.J. McCollum,10
2631,John McConathy,5
2632,Bucky McConnell,
2633,T.J. McConnell,
2634,Keith McCord,98
2635,Tim McCormick,12
2636,Jelani McCoy,33
2637,Paul McCracken,
2638,Chris McCray,
2639,Rodney McCray,3
2640,Scooter McCray,36
2641,Erik McCree,
2642,Chris McCullough,29
2643,John McCullough,85
2644,Clint McDaniel,
2645,Xavier McDaniel,4
2646,Jim McDaniels,23
2647,K.J. McDaniels,32
2648,Doug McDermott,11
2649,Ben McDonald,50
2650,Glenn McDonald,17
2651,Michael McDonald,55
2652,Roderick McDonald,01
2653,Hank McDowell,02
2654,Antonio McDyess,2
2655,Jim McElroy,38
2656,Patrick McFarland,28
2657,Ivan McFarlin,
2658,Mel McGaha,
2659,Mitch McGary,21
2660,JaVale McGee,18
2661,Mike McGee,19
2662,Bill McGill,1
2663,George McGinnis,22
2664,Jon McGlocklin,24
2665,Tracy McGrady,9
2666,Gil McGregor,89
2667,Elton McGriff,90
2668,Rodney McGruder,
2669,Alfred McGuire,55
2670,Allie McGuire,49
2671,Dick McGuire,7
2672,Dominic McGuire,47
2673,Kevin McHale,3
2674,Maurice McHartley,58
2675,Jim McIlvaine,32
2676,Jeff McInnis,37
2677,Kenny McIntosh,15
2678,Bob McIntyre,34
2679,Jerry McKee,
2680,Kevin McKenna,88
2681,Forrest McKenzie,48
2682,Stan McKenzie,94
2683,Derrick McKey,9
2684,Aaron McKie,17
2685,Billy McKinney,15
2686,Bones McKinney,
2687,Carlton McKinney,
2688,Trey McKinney-Jones,
2689,Alfonzo McKinnie,
2690,Ben McLemore,7
2691,McCoy McLemore,23
2692,George McLeod,
2693,Keith McLeod,
2694,Roshown McLeod,20
2695,Jack McMahon,
2696,Nate McMillan,30
2697,Tom McMillen,9
2698,Jim McMillian,13
2699,Shellie McMillon,42
2700,Mal McMullen,
2701,Chet McNabb,
2702,Mark McNamara,22
2703,Joe McNamee,9
2704,Jerel McNeal,
2705,Chris McNealy,38
2706,Bob McNeill,19
2707,Larry McNeill,25
2708,Carl McNulty,
2709,Paul McPherson,
2710,Roy McPipe,36
2711,Cozell McQueen,91
2712,Jordan McRae,58
2713,Thales McReynolds,82
2714,Josh McRoberts,37
2715,Eric McWilliams,37
2716,George Mearns,
2717,Stanislav Medvedenko,
2718,Darnell Mee,34
2719,Jodie Meeks,41
2720,Cliff Meely,7
2721,Scott Meents,74
2722,Dick Mehen,
2723,Monk Meineke,
2724,Carl Meinhold,
2725,Salah Mejri,
2726,Gal Mekel,
2727,Bill Melchionni,19
2728,Gary Melchionni,33
2729,Fab Melo,22
2730,Ed Melvin,
2731,Dean Meminger,16
2732,Chuck Mencel,12
2733,John Mengelt,21
2734,Ken Menke,
2735,Pops Mensah-Bonsu,
2736,Dewitt Menyard,
2737,Ron Mercer,6
2738,Joe Meriweather,11
2739,Porter Meriwether,21
2740,Tom Meschery,7
2741,Bill Meyer,81
2742,Loren Meyer,24
2743,Dave Meyers,2
2744,Stan Miasek,
2745,Larry Micheaux,29
2746,Jordan Mickey,33
2747,Khris Middleton,39
2748,Red Mihalik,
2749,Chris Mihm,7
2750,Ed Mikan,5
2751,George Mikan,
2752,Larry Mikan,64
2753,Vern Mikkelsen,
2754,Al Miksis,
2755,Aaron Miles,
2756,C.J. Miles,34
2757,Darius Miles,3
2758,Eddie Miles,4
2759,Marko Milic,33
2760,Darko Milicic,2
2761,Nat Militzok,
2762,Andre Miller,8
2763,Anthony Miller,39
2764,Bill Miller,
2765,Bob Miller,85
2766,Brad Miller,
2767,Darius Miller,46
2768,Dick Miller,40
2769,Eddie Miller,
2770,Harry Miller,
2771,Jay Miller,
2772,Larry Miller,62
2773,Malcolm Miller,
2774,Mike Miller,5
2775,Oliver Miller,22
2776,Quincy Miller,38
2777,Reggie Miller,11
2778,Walt Miller,
2779,Chris Mills,22
2780,John Mills,
2781,Patty Mills,55
2782,Terry Mills,16
2783,Elijah Millsap,
2784,Paul Millsap,47
2785,Harold Miner,12
2786,Yao Ming,1
2787,Dirk Minniefield,33
2788,Dave Minor,
2789,Greg Minor,25
2790,Mark Minor,65
2791,Nikola Mirotic,23
2792,Wat Misaka,
2793,Jason Miskiri,
2794,Donovan Mitchell,13
2795,Leland Mitchell,14
2796,Mike Mitchell,15
2797,Murray Mitchell,
2798,Sam Mitchell,54
2799,Todd Mitchell,43
2800,Tony Mitchell,
2801,Tony Mitchell,37
2802,Naz Mitrou-Long,
2803,Steve Mix,61
2804,Bill Mlkvy,
2805,Cuttino Mobley,41
2806,Eric Mobley,18
2807,Doug Moe,52
2808,Larry Moffett,34
2809,Leo Mogus,
2810,Nazr Mohammed,29
2811,Jerome Moiso,11
2812,Paul Mokeski,42
2813,Jack Molinas,3
2814,Wayne Molis,75
2815,Sidney Moncrief,5
2816,Eric Money,33
2817,Sergei Monia,23
2818,Malik Monk,11
2819,Earl Monroe,2
2820,Greg Monroe,7
2821,Rodney Monroe,30
2822,Luis Montero,
2823,Howie Montgomery,59
2824,Eric Montross,9
2825,Jamario Moon,
2826,Jim Mooney,
2827,Andre Moore,31
2828,Ben Moore,
2829,E'Twaun Moore,55
2830,Gene Moore,22
2831,Jackie Moore,
2832,Johnny Moore,43
2833,Larry Moore,
2834,Lowes Moore,52
2835,Mikki Moore,
2836,Otto Moore,6
2837,Richard Moore,85
2838,Ron Moore,25
2839,Tracy Moore,
2840,Eric Moreland,
2841,Jackie Moreland,4
2842,Guy Morgan,40
2843,Rex Morgan,21
2844,Elmore Morgenthaler,
2845,Darren Morningstar,47
2846,Chris Morris,4
2847,Darius Morris,41
2848,Isaiah Morris,37
2849,Jaylen Morris,
2850,Marcus Morris,14
2851,Markieff Morris,13
2852,Max Morris,
2853,Monte Morris,51
2854,Randolph Morris,
2855,Terence Morris,34
2856,Adam Morrison,3
2857,John Morrison,61
2858,Mike Morrison,51
2859,Red Morrison,14
2860,Anthony Morrow,
2861,Dwayne Morton,45
2862,John Morton,25
2863,Richard Morton,
2864,Glenn Mosley,20
2865,Perry Moss,69
2866,Lawrence Moten,36
2867,Donatas Motiejunas,20
2868,Johnathan Motley,
2869,Hanno Mottola,40
2870,Arnett Moultrie,27
2871,Rick Mount,32
2872,Alonzo Mourning,2
2873,Timofey Mozgov,
2874,Chuck Mrazovich,
2875,Emmanuel Mudiay,7
2876,Erwin Mueller,20
2877,Shabazz Muhammad,14
2878,Joe Mullaney,
2879,Bob Mullens,
2880,Byron Mullens,24
2881,Chris Mullin,7
2882,Jeff Mullins,5
2883,Todd Mundt,
2884,Xavier Munford,
2885,Chris Munk,
2886,George Munroe,
2887,Eric Murdock,21
2888,Gheorghe Muresan,30
2889,Allen Murphy,35
2890,Calvin Murphy,18
2891,Dick Murphy,
2892,Erik Murphy,49
2893,Jay Murphy,31
2894,John Murphy,
2895,Kevin Murphy,47
2896,Ronnie Murphy,17
2897,Tod Murphy,53
2898,Troy Murphy,14
2899,Dejounte Murray,29
2900,Jamal Murray,7
2901,Ken Murray,
2902,Lamond Murray,7
2903,Ronald Murray,42
2904,Tracy Murray,18
2905,Willie Murrell,31
2906,Dorie Murrey,12
2907,Toure' Murry,
2908,Mike Muscala,44
2909,Angelo Musi,
2910,Jerrod Mustaf,17
2911,Dikembe Mutombo,4
2912,Martin Muursepp,25
2913,Pete Myers,20
2914,Hamady N'Diaye,56
2915,Makhtar N'Diaye,
2916,Mamadou N'Diaye,26
2917,Boniface N'Dong,
2918,Bob Naber,
2919,Boris Nachamkin,16
2920,Bostjan Nachbar,15
2921,Abdel Nader,58
2922,Jerry Nagel,
2923,Fritz Nagy,
2924,Lee Nailon,43
2925,Eduardo Najera,38
2926,Larry Nance,20
2927,Larry Nance Jr.,27
2928,Shabazz Napier,24
2929,Paul Napolitano,
2930,Bob Nash,9
2931,Cotton Nash,12
2932,Steve Nash,15
2933,Swen Nater,16
2934,Howard Nathan,
2935,Calvin Natt,8
2936,Kenny Natt,30
2937,Willie Naulls,
2938,Juan Carlos Navarro,40
2939,Maurice Ndour,
2940,Craig Neal,71
2941,Gary Neal,
2942,Jim Neal,6
2943,Lloyd Neal,31
2944,Ed Nealy,66
2945,Nemanja Nedovic,30
2946,Al Negratti,
2947,Barry Nelson,85
2948,DeMarcus Nelson,
2949,Don Nelson,17
2950,Jameer Nelson,20
2951,Louie Nelson,19
2952,Ron Nelson,26
2953,Ruben Nembhard,
2954,Dick Nemelka,44
2955,Tyrone Nesby,
2956,Martin Nessley,16
2957,Rasho Nesterovic,17
2958,Raul Neto,47
2959,Bob Netolicky,18
2960,Johnny Neumann,98
2961,Paul Neumann,27
2962,Chuck Nevitt,63
2963,Melvin Newbern,
2964,Ivano Newbill,
2965,Ira Newble,
2966,Mike Newlin,24
2967,Johnny Newman,29
2968,Dave Newmark,31
2969,Bill Newton,
2970,Georges Niang,50
2971,Demetris Nichols,53
2972,Jack Nichols,12
2973,Andrew Nicholson,19
2974,Gaylon Nickerson,34
2975,Carl Nicks,23
2976,Rich Niemann,42
2977,Richie Niemiera,
2978,Mike Niles,83
2979,Kurt Nimphius,47
2980,Dyron Nix,29
2981,Norm Nixon,22
2982,Joakim Noah,9
2983,Chuck Noble,30
2984,Andres Nocioni,
2985,David Noel,39
2986,Nerlens Noel,6
2987,Paul Noel,
2988,Lucas Nogueira,16
2989,Jim Nolan,
2990,Paul Nolen,
2991,Jeff Nordgaard,53
2992,Bevo Nordmann,25
2993,Johnny Norlander,
2994,Connie Norman,37
2995,Ken Norman,19
2996,Audie Norris,37
2997,Moochie Norris,33
2998,Sylvester Norris,63
2999,Willie Norwood,19
3000,George Nostrand,
3001,Stan Noszka,
3002,Mike Novak,
3003,Steve Novak,32
3004,Mel Nowell,90
3005,Dirk Nowitzki,9
3006,Frank Ntilikina,8
3007,James Nunnally,
3008,Jusuf Nurkic,16
3009,Dennis Nutt,
3010,David Nwaba,
3011,Julius Nwosu,
3012,Charles O'Bannon,31
3013,Ed O'Bannon,9
3014,John O'Boyle,
3015,Bob O'Brien,
3016,J.J. O'Brien,
3017,Jim O'Brien,37
3018,Jimmy O'Brien,53
3019,Ralph O'Brien,
3020,Johnny O'Bryant,36
3021,Patrick O'Bryant,9
3022,Dermie O'Connell,
3023,Andy O'Donnell,
3024,Buddy O'Grady,
3025,Fran O'Hanlon,31
3026,Dick O'Keefe,9
3027,Tommy O'Keefe,
3028,Mike O'Koren,6
3029,Grady O'Malley,14
3030,Jermaine O'Neal,17
3031,Shaquille O'Neal,1
3032,Royce O'Neale,
3033,Mike O'Neill,
3034,Kyle O'Quinn,49
3035,Kevin O'Shea,10
3036,Garland O'Shields,
3037,Dan O'Sullivan,
3038,Charles Oakley,9
3039,Fabricio Oberto,
3040,Daniel Ochefu,
3041,Greg Oden,1
3042,Lamar Odom,4
3043,Bud Ogden,62
3044,Ralph Ogden,53
3045,Alan Ogg,
3046,Don Ohl,36
3047,Tim Ohlbrecht,
3048,Semi Ojeleye,37
3049,Emeka Okafor,2
3050,Jahlil Okafor,3
3051,Mehmet Okur,38
3052,Victor Oladipo,2
3053,Hakeem Olajuwon,1
3054,Mark Olberding,
3055,Jawann Oldham,41
3056,John Oldham,
3057,Frank Oleynick,12
3058,John Olive,68
3059,Brian Oliver,32
3060,Dean Oliver,
3061,Jimmy Oliver,39
3062,Kevin Ollie,
3063,Gene Ollrich,
3064,Michael Olowokandi,1
3065,Bud Olsen,13
3066,Kelly Olynyk,13
3067,Arinze Onuaku,
3068,Chinanu Onuaku,37
3069,Barry Orms,96
3070,Johnny Orr,
3071,Louis Orr,29
3072,Jose Ortiz,15
3073,Daniel Orton,29
3074,Chuck Osborne,28
3075,Cedi Osman,31
3076,Wally Osterkorn,
3077,Greg Ostertag,28
3078,Matt Othick,
3079,Don Otten,
3080,Mac Otten,
3081,Kelly Oubre Jr.,15
3082,Bo Outlaw,
3083,Travis Outlaw,23
3084,Claude Overton,
3085,Doug Overton,40
3086,Andre Owens,
3087,Billy Owens,3
3088,Chris Owens,48
3089,Eddie Owens,31
3090,Jim Owens,28
3091,Keith Owens,
3092,Larry Owens,
3093,Red Owens,
3094,Tom Owens,58
3095,Ray Owes,
3096,Olumide Oyedeji,42
3097,Joe Pace,76
3098,Zaza Pachulia,42
3099,Robert Pack,
3100,Wayne Pack,
3101,Gerald Paddio,74
3102,Scott Padgett,28
3103,Dana Pagett,78
3104,Marcus Paige,55
3105,Fred Paine,
3106,Milt Palacio,
3107,Togo Palazzi,5
3108,Bud Palmer,
3109,Errol Palmer,
3110,Jim Palmer,12
3111,Walter Palmer,33
3112,Andy Panko,
3113,Georgios Papagiannis,13
3114,Kostas Papanikolaou,48
3115,Jannero Pargo,
3116,Jeremy Pargo,
3117,Easy Parham,
3118,Robert Parish,8
3119,Med Park,
3120,Anthony Parker,21
3121,Jabari Parker,2
3122,Smush Parker,
3123,Sonny Parker,17
3124,Tony Parker,28
3125,Barry Parkhill,15
3126,Jack Parkinson,
3127,Charles Parks,
3128,Cherokee Parks,12
3129,Richard Parks,47
3130,Jack Parr,70
3131,Doyle Parrack,
3132,Charlie Parsley,
3133,Chandler Parsons,38
3134,Zarko Paspalj,
3135,Marty Passaglia,
3136,George Pastushok,
3137,Myles Patrick,
3138,Stan Patrick,
3139,Andrae Patterson,46
3140,George Patterson,00
3141,Lamar Patterson,48
3142,Patrick Patterson,14
3143,Ruben Patterson,31
3144,Steve Patterson,29
3145,Tom Patterson,25
3146,Worthy Patterson,
3147,Brandon Paul,
3148,Chris Paul,4
3149,Charlie Paulk,7
3150,Jerry Paulson,17
3151,Billy Paultz,03
3152,Sasha Pavlovic,19
3153,Jim Paxson,95
3154,Jim Paxson,12
3155,John Paxson,19
3156,Johnny Payak,
3157,Adreian Payne,15
3158,Cameron Payne,14
3159,Kenny Payne,19
3160,Tom Payne,2
3161,Elfrid Payton,10
3162,Gary Payton,2
3163,Gary Payton II,
3164,Mel Payton,18
3165,George Pearcy,
3166,Henry Pearcy,
3167,Oleksiy Pecherov,18
3168,Wiley Peck,19
3169,Rich Peek,48
3170,Anthony Peeler,15
3171,George Peeples,35
3172,Nikola Pekovic,31
3173,Jake Pelkington,
3174,Sam Pellom,
3175,Mike Penberthy,
3176,Jerry Pender,12
3177,Desmond Penigar,
3178,Kirk Penney,
3179,Mike Peplowski,52
3180,Will Perdue,11
3181,Kendrick Perkins,27
3182,Sam Perkins,4
3183,Warren Perkins,
3184,Kosta Perovic,38
3185,London Perrantes,
3186,Aulcie Perry,
3187,Curtis Perry,35
3188,Elliot Perry,37
3189,Ron Perry,68
3190,Tim Perry,7
3191,Chuck Person,4
3192,Wesley Person,23
3193,Alec Peters,54
3194,Jim Petersen,51
3195,Loy Petersen,17
3196,Bob Peterson,
3197,Ed Peterson,
3198,Mel Peterson,78
3199,Morris Peterson,21
3200,Geoff Petrie,8
3201,Johan Petro,25
3202,Drazen Petrovic,60
3203,Richard Petruska,46
3204,Bob Pettit,2
3205,Jerry Pettway,44
3206,Roger Phegley,14
3207,Jack Phelan,
3208,James Phelan,77
3209,Derrick Phelps,
3210,Michael Phelps,44
3211,Andy Phillip,
3212,Eddie Phillips,21
3213,Gary Phillips,9
3214,Gene Phillips,19
3215,Bobby Phills,45
3216,Eric Piatkowski,15
3217,Walter Piatkowski,
3218,Paul Pierce,10
3219,Ricky Pierce,18
3220,Stan Pietkiewicz,33
3221,Mickael Pietrus,11
3222,John Pilch,
3223,Ed Pinckney,10
3224,Kevinn Pinkney,
3225,John Pinone,58
3226,Dave Piontek,
3227,Tom Piotrowski,62
3228,Scottie Pippen,5
3229,Charles Pittman,61
3230,Dexter Pittman,32
3231,Zoran Planinic,22
3232,Tibor Pleiss,31
3233,Marshall Plumlee,
3234,Mason Plumlee,22
3235,Miles Plumlee,26
3236,Gary Plummer,45
3237,Pavel Podkolzin,21
3238,Jakob Poeltl,9
3239,Dwayne Polee,54
3240,Jim Pollard,
3241,Scot Pollard,19
3242,Ralph Polson,5
3243,Olden Polynice,8
3244,Cliff Pondexter,16
3245,Quincy Pondexter,26
3246,David Pope,62
3247,Mark Pope,52
3248,Dave Popson,88
3249,Ben Poquette,36
3250,Chris Porter,55
3251,Howard Porter,32
3252,Kevin Porter,39
3253,Otto Porter,3
3254,Terry Porter,24
3255,Willie Porter,08
3256,Bobby Portis,22
3257,Bob Portman,7
3258,Kristaps Porzingis,4
3259,James Posey,18
3260,Lavor Postell,39
3261,John Postley,
3262,Vitaly Potapenko,12
3263,Leon Powe,49
3264,Cincinnatus Powell,66
3265,Dwight Powell,45
3266,Josh Powell,
3267,Kasib Powell,
3268,Norman Powell,46
3269,Roger Powell,
3270,Alex Poythress,
3271,Marlbert Pradd,74
3272,Mike Pratt,
3273,Paul Pressey,20
3274,Phil Pressey,
3275,Dominic Pressley,99
3276,Harold Pressley,17
3277,Stephen Previs,11
3278,A.J. Price,52
3279,Brent Price,32
3280,Jim Price,16
3281,Mark Price,25
3282,Mike Price,17
3283,Ronnie Price,
3284,Tony Price,29
3285,Bob Priddy,
3286,Pablo Prigioni,
3287,Tayshaun Prince,23
3288,John Pritchard,
3289,Kevin Pritchard,34
3290,Laron Profit,38
3291,Gabe Pruitt,32
3292,Joel Przybilla,9
3293,Les Pugh,
3294,Roy Pugh,
3295,Anthony Pullard,
3296,Jacob Pullen,
3297,Rodney Purvis,
3298,Don Putman,
3299,Zhou Qi,43
3300,Tim Quarterman,
3301,Bob Quick,18
3302,Chris Quinn,
3303,Brian Quinnett,50
3304,Ivan Rabb,35
3305,Luther Rackley,37
3306,Howie Rader,
3307,Mark Radford,53
3308,Wayne Radford,27
3309,Dino Radja,40
3310,Vladimir Radmanovic,12
3311,Aleksandar Radojevic,12
3312,Frank Radovich,14
3313,Moe Radovich,
3314,Miroslav Raduljica,
3315,Ray Radziszewski,30
3316,Ray Ragelis,17
3317,Sherwin Raiken,
3318,Ed Rains,30
3319,Igor Rakocevic,51
3320,Kurt Rambis,58
3321,Peter John Ramos,32
3322,Cal Ramsey,13
3323,Frank Ramsey,5
3324,Ray Ramsey,
3325,Mark Randall,26
3326,Chasson Randle,
3327,Julius Randle,7
3328,Anthony Randolph,14
3329,Shavlik Randolph,
3330,Zach Randolph,19
3331,Wally Rank,99
3332,Kelvin Ransey,4
3333,Sam Ranzino,8
3334,Bobby Rascoe,18
3335,Blair Rasmussen,15
3336,Xavier Rathan-Mayes,
3337,George Ratkovicz,
3338,Ed Ratleff,6
3339,Mike Ratliff,28
3340,Theo Ratliff,18
3341,Andy Rautins,38
3342,Leo Rautins,17
3343,Allan Ray,
3344,Clifford Ray,40
3345,Don Ray,11
3346,James Ray,5
3347,Jim Ray,
3348,Jimmy Rayl,22
3349,Craig Raymond,12
3350,Connie Rea,
3351,Joe Reaves,42
3352,Zeljko Rebraca,54
3353,Eldridge Recasner,
3354,Michael Redd,43
3355,Frank Reddout,
3356,J.J. Redick,11
3357,Marlon Redmond,60
3358,Davon Reed,32
3359,Hub Reed,14
3360,Justin Reed,40
3361,Ron Reed,20
3362,Willie Reed,
3363,Willis Reed,8
3364,Bryant Reeves,6
3365,Khalid Reeves,12
3366,Richie Regan,4
3367,Don Rehfeldt,2
3368,Billy Reid,98
3369,Don Reid,58
3370,J.R. Reid,5
3371,Jim Reid,53
3372,Robert Reid,40
3373,Ryan Reid,57
3374,Jared Reiner,
3375,Chick Reiser,
3376,Richard Rellford,95
3377,Terrence Rencher,32
3378,John Rennicke,51
3379,Bob Rensberger,
3380,Efthimi Rentzias,23
3381,Shawn Respert,8
3382,Kevin Restani,39
3383,George Reynolds,17
3384,Jerry Reynolds,22
3385,Kendall Rhine,67
3386,Gene Rhodes,
3387,Rodrick Rhodes,24
3388,Glen Rice,4
3389,"Glen Rice, Jr.",35
3390,Chris Richard,41
3391,Clint Richardson,36
3392,Jason Richardson,5
3393,Jeremy Richardson,
3394,Josh Richardson,40
3395,Malachi Richardson,22
3396,Micheal Ray Richardson,4
3397,Norm Richardson,
3398,Pooh Richardson,10
3399,Quentin Richardson,18
3400,Mitch Richmond,5
3401,John Richter,6
3402,Dick Ricketts,1
3403,Isaiah Rider,5
3404,Jackie Ridgle,41
3405,Luke Ridnour,14
3406,Mel Riebe,
3407,Bob Riedy,56
3408,Jim Riffey,
3409,Antoine Rigaudeau,
3410,Tom Riker,8
3411,Bob Riley,82
3412,Eric Riley,33
3413,Pat Riley,7
3414,Ron Riley,38
3415,Rich Rinaldi,43
3416,Mike Riordan,28
3417,Arnie Risen,
3418,Tex Ritter,
3419,Ramon Rivas,
3420,Austin Rivers,10
3421,David Rivers,25
3422,Doc Rivers,31
3423,Lee Robbins,
3424,Red Robbins,59
3425,Andre Roberson,26
3426,Anthony Roberson,
3427,Rick Roberson,15
3428,Terrance Roberson,
3429,Anthony Roberts,21
3430,Bill Roberts,
3431,Brian Roberts,
3432,Fred Roberts,27
3433,Joe Roberts,21
3434,Lawrence Roberts,55
3435,Marv Roberts,45
3436,Stanley Roberts,23
3437,Alvin Robertson,7
3438,Oscar Robertson,1
3439,Ryan Robertson,45
3440,Tony Robertson,88
3441,Rick Robey,3
3442,Bernard Robinson,45
3443,Chris Robinson,51
3444,Cliff Robinson,11
3445,Clifford Robinson,36
3446,David Robinson,1
3447,Eddie Robinson,
3448,Flynn Robinson,15
3449,Glenn Robinson,1
3450,Glenn Robinson III,40
3451,Jackie Robinson,67
3452,Jamal Robinson,
3453,James Robinson,21
3454,Larry Robinson,
3455,Nate Robinson,21
3456,Oliver Robinson,24
3457,Ronnie Robinson,60
3458,Rumeal Robinson,10
3459,Samuel Robinson,91
3460,Thomas Robinson,5
3461,Truck Robinson,22
3462,Wayne Robinson,31
3463,Wilbert Robinson,54
3464,Bill Robinzine,10
3465,Dave Robisch,44
3466,Red Rocha,
3467,John Roche,14
3468,Gene Rock,
3469,Jack Rocker,
3470,Guy Rodgers,
3471,Dennis Rodman,27
3472,Sergio Rodriguez,27
3473,Lou Roe,30
3474,Carlos Rogers,11
3475,Harry Rogers,67
3476,Johnny Rogers,34
3477,Marshall Rogers,34
3478,Rodney Rogers,9
3479,Roy Rogers,22
3480,Willie Rogers,94
3481,Al Roges,
3482,Ken Rohloff,59
3483,Kenny Rollins,
3484,Phil Rollins,
3485,Tree Rollins,14
3486,Lorenzo Romar,41
3487,Rajon Rondo,21
3488,Jerry Rook,97
3489,Sean Rooks,30
3490,Derrick Rose,1
3491,Jalen Rose,13
3492,Malik Rose,44
3493,Rob Rose,
3494,Petey Rosenberg,
3495,Lennie Rosenbluth,6
3496,Hank Rosenstein,
3497,Dick Rosenthal,4
3498,Quinton Ross,
3499,Terrence Ross,8
3500,Doug Roth,41
3501,Scott Roth,82
3502,Irv Rothenberg,
3503,Mickey Rottner,
3504,Dan Roundfield,28
3505,Giff Roux,
3506,Ron Rowan,67
3507,Curtis Rowe,11
3508,Jim Rowinski,86
3509,Derrick Rowland,11
3510,Brian Rowsom,34
3511,Brandon Roy,6
3512,Donald Royal,52
3513,Reggie Royals,70
3514,Bob Royer,
3515,Clifford Rozier,16
3516,Terry Rozier,16
3517,Ricky Rubio,5
3518,Guy Rucker,
3519,Delaney Rudd,83
3520,John Rudd,32
3521,Damjan Rudez,
3522,John Rudometkin,9
3523,Michael Ruffin,32
3524,Trevor Ruffin,
3525,Paul Ruffner,28
3526,Joe Ruklick,9
3527,Jeff Ruland,25
3528,Bob Rule,19
3529,Jerry Rullo,
3530,Stefano Rusconi,52
3531,Brandon Rush,13
3532,Kareem Rush,20
3533,Bill Russell,2
3534,Bryon Russell,45
3535,Campy Russell,8
3536,Cazzie Russell,1
3537,D'Angelo Russell,2
3538,Frank Russell,35
3539,Pierre Russell,07
3540,Rubin Russell,33
3541,Walker Russell,78
3542,Walker Russell,
3543,Arvydas Sabonis,77
3544,Domantas Sabonis,11
3545,Robert Sacre,60
3546,Ed Sadowski,
3547,Kenny Sailors,
3548,John Salley,11
3549,John Salmons,26
3550,Al Salvadori,32
3551,Kevin Salvadori,
3552,Soumaila Samake,36
3553,Cheikh Samb,51
3554,JaKarr Sampson,
3555,Jamal Sampson,47
3556,Ralph Sampson,1
3557,Samardo Samuels,
3558,Pepe Sanchez,
3559,Al Sanders,56
3560,Frankie Sanders,20
3561,Jeff Sanders,20
3562,Larry Sanders,15
3563,Melvin Sanders,
3564,Mike Sanders,74
3565,Tom Sanders,8
3566,Ron Sanford,51
3567,Daniel Santiago,
3568,Bob Santini,
3569,Wayne Sappleton,38
3570,Dario Saric,12
3571,Jason Sasser,41
3572,Jeryl Sasser,22
3573,Tomas Satoransky,32
3574,Kenny Satterfield,54
3575,Pep Saul,10
3576,Woody Sauldsberry,60
3577,Glynn Saulters,52
3578,Fred Saunders,31
3579,Don Savage,14
3580,Predrag Savovic,
3581,Alan Sawyer,
3582,Brian Scalabrine,35
3583,Alex Scales,
3584,DeWayne Scales,36
3585,Frank Schade,53
3586,Ben Schadler,
3587,Herm Schaefer,
3588,Billy Schaeffer,23
3589,Bob Schafer,17
3590,Ben Scharnus,
3591,Marv Schatzman,
3592,Fred Schaus,
3593,Danny Schayes,13
3594,Dolph Schayes,4
3595,Ossie Schectman,
3596,Steve Scheffler,39
3597,Tom Scheffler,17
3598,Dave Schellhase,10
3599,Luke Schenscher,
3600,Herb Scherer,
3601,Dwayne Schintzius,24
3602,Dale Schlueter,63
3603,Otto Schnellbacher,
3604,Dick Schnittker,4
3605,Russ Schoene,45
3606,Dave Scholz,56
3607,Milt Schoon,
3608,Detlef Schrempf,8
3609,Dennis Schroder,17
3610,Howie Schultz,
3611,Dick Schulz,
3612,Roger Schurig,
3613,John Schweitz,38
3614,Luis Scola,56
3615,Fred Scolari,
3616,Alvin Scott,36
3617,Brent Scott,
3618,Byron Scott,4
3619,Charlie Scott,06
3620,Dennis Scott,4
3621,James Scott,
3622,Mike Scott,43
3623,Ray Scott,4
3624,Shawnelle Scott,43
3625,Willie Scott,29
3626,Paul Scranton,
3627,Carey Scurry,37
3628,Bruce Seals,21
3629,Shea Seals,
3630,Malik Sealy,14
3631,Ed Searcy,82
3632,Kenny Sears,4
3633,Wayne See,
3634,Thabo Sefolosha,13
3635,Rony Seikaly,9
3636,Glen Selbo,2
3637,Josh Selby,49
3638,Wayne Selden,
3639,Brad Sellers,9
3640,Phil Sellers,38
3641,Rollie Seltz,
3642,Lester Selvage,
3643,Frank Selvy,1
3644,Jim Seminoff,
3645,Mouhamed Sene,10
3646,George Senesky,
3647,Kevin Seraphin,17
3648,Ansu Sesay,30
3649,Ramon Sessions,56
3650,Ha Seung-Jin,46
3651,Tom Sewell,22
3652,Paul Seymour,
3653,Nick Shaback,
3654,Lynn Shackelford,91
3655,Charles Shackleford,32
3656,Carl Shaeffer,
3657,Lee Shaffer,5
3658,Mustafa Shakur,
3659,God Shammgod,45
3660,Earl Shannon,
3661,Howie Shannon,1
3662,Chuck Share,1
3663,Bill Sharman,
3664,Walter Sharpe,32
3665,John Shasky,61
3666,Ron Shavlik,4
3667,Brian Shaw,24
3668,Casey Shaw,37
3669,Bob Shea,
3670,Fred Sheffield,
3671,Craig Shelton,28
3672,Lonnie Shelton,25
3673,Tornike Shengelia,54
3674,Billy Shepherd,
3675,Jeffrey Sheppard,
3676,Steve Sheppard,30
3677,Ed Sherod,
3678,Charley Shipp,
3679,Paul Shirley,
3680,Gene Short,9
3681,Purvis Short,5
3682,Dexter Shouse,92
3683,Dick Shrider,
3684,Gene Shue,3
3685,John Shumate,4
3686,Iman Shumpert,17
3687,Alexey Shved,
3688,Pascal Siakam,27
3689,Sam Sibert,19
3690,Mark Sibley,64
3691,Jerry Sichting,82
3692,Donald Sidle,29
3693,Larry Siegfried,3
3694,Ralph Siewert,
3695,Jack Sikma,8
3696,James Silas,70
3697,Paul Silas,10
3698,Xavier Silas,
3699,Garret Siler,
3700,Mike Silliman,69
3701,Wayne Simien,29
3702,Ben Simmons,1
3703,Bobby Simmons,42
3704,Cedric Simmons,15
3705,Connie Simmons,
3706,Grant Simmons,00
3707,Johnny Simmons,
3708,Jonathon Simmons,
3709,Kobi Simmons,
3710,Lionel Simmons,7
3711,Miles Simon,42
3712,Walter Simon,
3713,Dickey Simpkins,21
3714,Ralph Simpson,11
3715,Alvin Sims,
3716,Bob Sims,54
3717,Courtney Sims,
3718,Doug Sims,
3719,Henry Sims,
3720,Scott Sims,03
3721,Kyle Singler,33
3722,Sean Singletary,42
3723,Chris Singleton,18
3724,James Singleton,
3725,McKinley Singleton,20
3726,Zeke Sinicola,4
3727,Charlie Sitton,38
3728,Peyton Siva,56
3729,Scott Skiles,22
3730,Al Skinner,60
3731,Brian Skinner,22
3732,Tal Skinner,44
3733,Whitey Skoog,
3734,Jeff Slade,85
3735,Reggie Slater,
3736,Jim Slaughter,31
3737,Jose Slaughter,43
3738,Tamar Slay,54
3739,Donald Sloan,
3740,Jerry Sloan,19
3741,Uros Slokar,58
3742,Tom Sluby,41
3743,Keith Smart,41
3744,Marcus Smart,6
3745,Belus Smawley,
3746,Jack Smiley,
3747,Adrian Smith,85
3748,Al Smith,32
3749,Bill Smith,42
3750,Bingo Smith,6
3751,Bobby Smith,18
3752,Charles Smith,3
3753,Charles Smith,
3754,Charles Smith,26
3755,Chris Smith,34
3756,Chris Smith,
3757,Clinton Smith,97
3758,Craig Smith,36
3759,Deb Smith,
3760,Dennis Smith Jr.,9
3761,Derek Smith,35
3762,Don Smith,
3763,Don Smith,19
3764,Donta Smith,34
3765,Doug Smith,6
3766,Ed Smith,6
3767,Elmore Smith,3
3768,Garfield Smith,32
3769,Greg Smith,50
3770,Greg Smith,
3771,Ish Smith,
3772,J.R. Smith,18
3773,Jabari Smith,45
3774,Jason Smith,20
3775,Jerry Smith,
3776,Jim Smith,54
3777,Joe Smith,1
3778,John Smith,01
3779,Josh Smith,17
3780,Keith Smith,45
3781,Ken Smith,65
3782,Kenny Smith,6
3783,LaBradford Smith,19
3784,Larry Smith,24
3785,Leon Smith,29
3786,Michael Smith,13
3787,Michael Smith,35
3788,Mike Smith,35
3789,Nolan Smith,21
3790,Otis Smith,41
3791,Pete Smith,97
3792,Phil Smith,29
3793,Randy Smith,05
3794,Reggie Smith,31
3795,Robert Smith,65
3796,Russ Smith,47
3797,Sam Smith,28
3798,Sam Smith,48
3799,Steve Smith,5
3800,Steven Smith,
3801,Stevin Smith,
3802,Theron Smith,
3803,Tony Smith,51
3804,William Smith,42
3805,Willie Smith,18
3806,Rik Smits,2
3807,Mike Smrek,25
3808,Joe Smyth,
3809,Tony Snell,20
3810,Eric Snow,43
3811,Dick Snyder,14
3812,Kirk Snyder,16
3813,Chips Sobek,
3814,Ricky Sobers,16
3815,Ron Sobie,6
3816,Mike Sojourner,10
3817,Willie Sojourner,20
3818,Will Solomon,33
3819,Willie Somerset,56
3820,Darius Songaila,50
3821,Dave Sorenson,26
3822,James Southerland,
3823,Gino Sovran,
3824,Pape Sow,47
3825,Ken Spain,20
3826,Jim Spanarkel,16
3827,Vassilis Spanoulis,50
3828,Daniel Sparks,41
3829,Guy Sparrow,19
3830,Rory Sparrow,75
3831,Odie Spears,
3832,Art Spector,
3833,Marreese Speights,16
3834,Andre Spencer,
3835,Elmore Spencer,25
3836,Felton Spencer,6
3837,Lou Spicer,
3838,Craig Spitzer,
3839,Tiago Splitter,28
3840,Art Spoelstra,34
3841,Bruce Spraggins,47
3842,Latrell Sprewell,24
3843,Larry Spriggs,81
3844,Jim Springer,
3845,Jim Spruill,
3846,Ryan Stack,48
3847,Jerry Stackhouse,3
3848,Kevin Stacom,24
3849,Erv Staggs,
3850,Bud Stallworth,7
3851,Dave Stallworth,3
3852,Ed Stanczak,
3853,Terence Stansbury,15
3854,John Starks,
3855,Keith Starr,52
3856,Nik Stauskas,8
3857,Larry Staverman,64
3858,Larry Steele,37
3859,Matt Steigenga,52
3860,Vladimir Stepania,27
3861,D.J. Stephens,
3862,Everette Stephens,31
3863,Jack Stephens,7
3864,Joe Stephens,
3865,Lance Stephenson,40
3866,Alex Stepheson,
3867,Brook Steppe,17
3868,Barry Stevens,43
3869,Wayne Stevens,49
3870,DeShawn Stevenson,23
3871,Dennis Stewart,44
3872,Kebu Stewart,35
3873,Larry Stewart,
3874,Michael Stewart,
3875,Norm Stewart,
3876,Greg Stiemsma,
3877,Steve Stipanovich,2
3878,Bryant Stith,13
3879,Sam Stith,56
3880,Tom Stith,2
3881,Alex Stivrins,75
3882,David Stockton,
3883,John Stockton,16
3884,Peja Stojakovic,14
3885,Ed Stokes,35
3886,Greg Stokes,33
3887,Jarnell Stokes,35
3888,Maurice Stokes,2
3889,Art Stolkey,
3890,Randy Stoll,
3891,Diamond Stone,40
3892,George Stone,15
3893,Julyan Stone,
3894,Awvee Storey,
3895,Damon Stoudamire,7
3896,Salim Stoudamire,31
3897,Amar'e Stoudemire,9
3898,Paul Stovall,22
3899,D.J. Strawberry,59
3900,Joe Strawder,34
3901,Bill Stricker,54
3902,Erick Strickland,
3903,Mark Strickland,
3904,Rod Strickland,19
3905,Roger Strickland,34
3906,John Stroeder,68
3907,Derek Strong,47
3908,Lamont Strothers,43
3909,John Stroud,27
3910,Red Stroud,44
3911,Rodney Stuckey,15
3912,Gene Stump,
3913,Stan Stutz,
3914,Gary Suiter,
3915,Jared Sullinger,21
3916,DaJuan Summers,35
3917,Barry Sumpter,56
3918,Don Sunderlage,9
3919,Bruno Sundov,35
3920,Jon Sundvold,16
3921,Bob Sura,17
3922,Dick Surhoff,
3923,George Sutor,
3924,Dane Suttle,52
3925,Greg Sutton,49
3926,Keith Swagerty,36
3927,Bennie Swain,7
3928,Caleb Swanigan,26
3929,Norm Swanson,
3930,Dan Swartz,
3931,Mike Sweetney,9
3932,Robert Swift,12
3933,Skeeter Swift,31
3934,Stromile Swift,2
3935,Aaron Swinson,
3936,Pape Sy,53
3937,Buck Sydnor,
3938,Larry Sykes,
3939,Brett Szabo,
3940,Wally Szczerbiak,6
3941,Walt Szczerbiak,65
3942,Zan Tabak,51
3943,Yuta Tabuse,
3944,Chris Taft,42
3945,Sid Tanenbaum,
3946,Dragan Tarlac,31
3947,Roy Tarpley,7
3948,Levern Tart,52
3949,Earl Tatum,21
3950,Jayson Tatum,3
3951,Edy Tavares,43
3952,Anthony Taylor,44
3953,Brian Taylor,23
3954,Donell Taylor,
3955,Fatty Taylor,67
3956,Fred Taylor,27
3957,Isaiah Taylor,
3958,Jay Taylor,
3959,Jeff Taylor,42
3960,Jeff Taylor,31
3961,Jermaine Taylor,32
3962,Johnny Taylor,17
3963,Leonard Taylor,
3964,Maurice Taylor,14
3965,Mike Taylor,55
3966,Oliver Taylor,89
3967,Ronald Taylor,18
3968,Tyshawn Taylor,41
3969,Vince Taylor,34
3970,Terry Teagle,16
3971,Jeff Teague,19
3972,Marquis Teague,29
3973,Mirza Teletovic,
3974,Sebastian Telfair,13
3975,Collis Temple,94
3976,Garrett Temple,
3977,Milos Teodosic,
3978,Ira Terrell,45
3979,Carlos Terry,04
3980,Chuck Terry,29
3981,Claude Terry,42
3982,Jason Terry,10
3983,Hasheem Thabeet,2
3984,Tom Thacker,
3985,Floyd Theard,
3986,Daniel Theis,
3987,Reggie Theus,9
3988,Peter Thibeaux,77
3989,Bill Thieben,
3990,Justus Thigpen,47
3991,David Thirdkill,15
3992,Adonis Thomas,
3993,Billy Thomas,
3994,Carl Thomas,
3995,Charles Thomas,
3996,Etan Thomas,12
3997,Irving Thomas,
3998,Isaiah Thomas,60
3999,Isiah Thomas,2
4000,Jamel Thomas,
4001,James Thomas,
4002,Jim Thomas,40
4003,Joe Thomas,95
4004,John Thomas,25
4005,Kenny Thomas,22
4006,Kurt Thomas,10
4007,Lance Thomas,
4008,Malcolm Thomas,
4009,Ronald Thomas,90
4010,Terry Thomas,51
4011,Tim Thomas,7
4012,Tyrus Thomas,4
4013,Willis Thomas,
4014,Trey Thompkins,37
4015,Bernard Thompson,19
4016,Billy Thompson,19
4017,Brooks Thompson,27
4018,Corny Thompson,50
4019,David Thompson,1
4020,Dijon Thompson,54
4021,George Thompson,66
4022,Hollis Thompson,
4023,Jack Thompson,33
4024,Jason Thompson,12
4025,John Thompson,25
4026,Kevin Thompson,48
4027,Klay Thompson,11
4028,LaSalle Thompson,5
4029,Mychal Thompson,1
4030,Mychel Thompson,
4031,Paul Thompson,50
4032,Stephen Thompson,
4033,Tristan Thompson,4
4034,Skip Thoren,30
4035,Rod Thorn,2
4036,Al Thornton,14
4037,Bob Thornton,87
4038,Dallas Thornton,40
4039,Marcus Thornton,43
4040,Sindarius Thornwell,48
4041,Otis Thorpe,9
4042,Sedale Threatt,39
4043,Nate Thurmond,3
4044,Mel Thurston,
4045,Hal Tidrick,
4046,Dan Tieman,
4047,Darren Tillis,23
4048,Jack Tingle,
4049,George Tinsley,76
4050,Jamaal Tinsley,27
4051,Wayman Tisdale,2
4052,Mike Tobey,
4053,Mike Todorovich,
4054,Ray Tolbert,18
4055,Tom Tolbert,34
4056,Anthony Tolliver,
4057,Dean Tolson,80
4058,Rudy Tomjanovich,2
4059,Andrew Toney,8
4060,Sedric Toney,59
4061,Andy Tonkovich,1
4062,Andy Toolson,
4063,Jack Toomay,
4064,Bernard Toone,37
4065,Irv Torgoff,
4066,Gene Tormohlen,11
4067,Oscar Torres,
4068,Bill Tosheff,32
4069,Bob Tough,
4070,Axel Toupane,
4071,Monte Towe,57
4072,Keith Tower,
4073,Blackie Towery,
4074,Linton Townes,33
4075,Karl-Anthony Towns,1
4076,Raymond Townsend,22
4077,George Trapp,5
4078,John Trapp,15
4079,Robert Traylor,6
4080,Gary Trent,11
4081,Jeff Trepagnier,36
4082,John Tresvant,40
4083,Dick Triptow,
4084,Kelly Tripucka,12
4085,Ansley Truitt,41
4086,Cezary Trybanski,
4087,Jake Tsakalidis,25
4088,John Tschogl,
4089,Lou Tsioropoulos,
4090,Nikoloz Tskitishvili,5
4091,Al Tucker,6
4092,Alando Tucker,29
4093,Anthony Tucker,
4094,Jim Tucker,24
4095,P.J. Tucker,35
4096,Trent Tucker,6
4097,Ronny Turiaf,37
4098,Mirsad Turkcan,18
4099,Hedo Turkoglu,16
4100,Andre Turner,69
4101,Bill Turner,78
4102,Elston Turner,43
4103,Evan Turner,2
4104,Gary Turner,28
4105,Henry Turner,
4106,Herschell Turner,45
4107,Jack Turner,8
4108,Jack Turner,18
4109,Jeff Turner,17
4110,John Turner,20
4111,Myles Turner,11
4112,Wayne Turner,
4113,Melvin Turpin,6
4114,Dave Twardzik,26
4115,Jack Twyman,8
4116,B.J. Tyler,20
4117,Jeremy Tyler,39
4118,Terry Tyler,23
4119,Charlie Tyra,2
4120,Edwin Ubiles,
4121,Ekpe Udoh,6
4122,Ime Udoka,
4123,Beno Udrih,28
4124,Roko Ukic,41
4125,Tyler Ulis,34
4126,Wes Unseld,2
4127,Hal Uplinger,
4128,Kelvin Upshaw,
4129,Jarrod Uthoff,
4130,Ben Uzoh,
4131,Stephen Vacendak,33
4132,Jonas Valanciunas,5
4133,Darnell Valentine,16
4134,Denzel Valentine,14
4135,Ronnie Valentine,51
4136,John Vallely,14
4137,Dick Van Arsdale,10
4138,Tom Van Arsdale,11
4139,Butch van Breda Kolff,
4140,Jan van Breda Kolff,20
4141,Nick Van Exel,37
4142,Keith Van Horn,2
4143,Norm Van Lier,34
4144,Dennis Van Zant,20
4145,Gene Vance,
4146,Logan Vander Velden,
4147,Ernie Vandeweghe,
4148,Kiki Vandeweghe,11
4149,Nick Vanos,32
4150,David Vanterpool,
4151,Fred VanVleet,
4152,Ratko Varda,
4153,Anderson Varejao,30
4154,Jarvis Varnado,41
4155,Greivis Vasquez,28
4156,Chico Vaughn,26
4157,David Vaughn,63
4158,David Vaughn,25
4159,Jacque Vaughn,27
4160,Rashad Vaughn,17
4161,Virgil Vaughn,
4162,Loy Vaught,13
4163,Bob Verga,25
4164,Pete Verhoeven,85
4165,Jan Vesely,6
4166,Gundars Vetra,
4167,Joao Vianna,
4168,Charlie Villanueva,7
4169,Jay Vincent,24
4170,Sam Vincent,20
4171,Marcus Vinicius,43
4172,Fred Vinson,
4173,Claude Virden,42
4174,Gary Voce,
4175,Floyd Volker,
4176,Alexander Volkov,34
4177,Whitey Von Nieda,
4178,Noah Vonleh,9
4179,Jake Voskuhl,33
4180,Danny Vranes,5
4181,Slavko Vranes,39
4182,Stojko Vrankovic,
4183,Brett Vroman,87
4184,Jackson Vroman,31
4185,Nikola Vucevic,16
4186,Sasha Vujacic,27
4187,Dwyane Wade,5
4188,Mark Wade,
4189,Von Wafer,39
4190,Clint Wager,
4191,Dajuan Wagner,6
4192,Danny Wagner,
4193,Milt Wagner,35
4194,Phillip Wagner,
4195,Dion Waiters,4
4196,Granville Waiters,39
4197,Andre Wakefield,07
4198,Neal Walk,2
4199,Andy Walker,11
4200,Antoine Walker,6
4201,Brady Walker,
4202,Chet Walker,12
4203,Darrell Walker,12
4204,Foots Walker,38
4205,Henry Walker,47
4206,Horace Walker,30
4207,Jimmy Walker,1
4208,Kemba Walker,9
4209,Kenny Walker,5
4210,Phil Walker,17
4211,Samaki Walker,9
4212,Wally Walker,5
4213,John Wall,1
4214,Ben Wallace,
4215,Gerald Wallace,25
4216,John Wallace,18
4217,Rasheed Wallace,4
4218,Red Wallace,
4219,Tyrone Wallace,60
4220,Dwight Waller,31
4221,Jamie Waller,48
4222,Taurean Prince,12
4223,Jim Walsh,
4224,Matt Walsh,
4225,Rex Walters,16
4226,Paul Walther,
4227,Isaac Walthour,
4228,Bill Walton,1
4229,Derrick Walton,
4230,Lloyd Walton,40
4231,Luke Walton,32
4232,Bobby Wanzer,10
4233,Perry Warbington,45
4234,Charlie Ward,26
4235,Gerry Ward,5
4236,Henry Ward,99
4237,Casper Ware,
4238,Jim Ware,26
4239,Ben Warley,27
4240,Bob Warlick,
4241,Cornell Warner,24
4242,Jameel Warney,
4243,Bob Warren,47
4244,John Warren,11
4245,T.J. Warren,14
4246,Willie Warren,54
4247,Bryan Warrick,25
4248,Hakim Warrick,19
4249,Chris Washburn,3
4250,Bobby Washington,
4251,Darius Washington,
4252,Donald Washington,80
4253,Duane Washington,36
4254,Eric Washington,46
4255,Jim Washington,6
4256,Kermit Washington,5
4257,Pearl Washington,13
4258,Richard Washington,3
4259,Stan Washington,66
4260,Trooper Washington,50
4261,Wilson Washington,25
4262,Darryl Watkins,
4263,Bobby Watson,
4264,C.J. Watson,
4265,Earl Watson,40
4266,Jamie Watson,47
4267,Ron Watts,17
4268,Samuel Watts,
4269,Slick Watts,
4270,Maalik Wayns,
4271,David Wear,
4272,Travis Wear,
4273,Clarence Weatherspoon,9
4274,Nick Weatherspoon,13
4275,Kyle Weaver,38
4276,James Webb,
4277,Jeff Webb,
4278,Marcus Webb,
4279,Spud Webb,87
4280,Chris Webber,1
4281,Briante Weber,
4282,Jake Weber,
4283,Elnardo Webster,54
4284,Jeff Webster,40
4285,Martell Webster,6
4286,Marvin Webster,3
4287,Scott Wedman,6
4288,Sonny Weems,39
4289,Dick Wehr,
4290,Brant Weidner,90
4291,Bob Weiss,22
4292,Rick Weitzman,10
4293,Bonzi Wells,11
4294,Bubba Wells,34
4295,Owen Wells,77
4296,Ralph Wells,
4297,Chris Welp,16
4298,Jiri Welsch,16
4299,Bill Wennington,16
4300,Matt Wenstrom,
4301,Robert Werdann,46
4302,Ray Wertis,
4303,David Wesley,
4304,Walt Wesley,6
4305,David West,18
4306,Delonte West,24
4307,Doug West,38
4308,Jerry West,2
4309,Mario West,
4310,Mark West,30
4311,Roland West,73
4312,Dexter Westbrook,44
4313,Russell Westbrook,4
4314,Paul Westphal,10
4315,John Wetzel,75
4316,Robert Whaley,51
4317,Ennis Whatley,13
4318,DeJuan Wheat,51
4319,Clinton Wheeler,50
4320,Tyson Wheeler,47
4321,Skippy Whitaker,
4322,Andrew White,
4323,D.J. White,29
4324,Derrick White,29
4325,Eric White,65
4326,Herb White,33
4327,Hubie White,14
4328,Jahidi White,43
4329,James White,31
4330,Jo Jo White,9
4331,Okaro White,
4332,Randy White,8
4333,Rodney White,9
4334,Rory White,86
4335,Royce White,16
4336,Rudy White,47
4337,Tony White,33
4338,Willie White,42
4339,Isaiah Whitehead,42
4340,Jerome Whitehead,41
4341,Donald Whiteside,
4342,Hassan Whiteside,33
4343,Dwayne Whitfield,40
4344,Chris Whitney,47
4345,Hank Whitney,37
4346,Hawkeye Whitney,16
4347,Shayne Whittington,
4348,Sidney Wicks,2
4349,Ron Widby,26
4350,Murray Wier,
4351,Bob Wiesenhahn,11
4352,Andrew Wiggins,1
4353,Mitchell Wiggins,23
4354,Ken Wilburn,39
4355,C.J. Wilcox,28
4356,Chris Wilcox,8
4357,D.C. Wilcutt,
4358,Gene Wiley,15
4359,Jacob Wiley,
4360,Michael Wiley,39
4361,Morlon Wiley,46
4362,Win Wilfong,4
4363,Lenny Wilkens,6
4364,Bob Wilkerson,11
4365,Jamaal Wilkes,11
4366,James Wilkes,50
4367,Damien Wilkins,
4368,Dominique Wilkins,3
4369,Eddie Lee Wilkins,33
4370,Gerald Wilkins,47
4371,Jeff Wilkins,37
4372,Dale Wilkinson,21
4373,Mike Wilks,
4374,Aaron Williams,
4375,Al Williams,51
4376,Alan Williams,
4377,Alvin Williams,47
4378,Art Williams,
4379,Bernie Williams,21
4380,Bob Williams,
4381,Brandon Williams,
4382,Buck Williams,3
4383,C.J. Williams,
4384,Charles Williams,
4385,Chuck Williams,76
4386,Chuckie Williams,15
4387,Cliff Williams,
4388,Corey Williams,33
4389,Deron Williams,3
4390,Derrick Williams,2
4391,Duck Williams,96
4392,Earl Williams,49
4393,Elliot Williams,22
4394,Eric Williams,14
4395,Fly Williams,52
4396,Frank Williams,25
4397,Freeman Williams,8
4398,Gene Williams,24
4399,Gus Williams,20
4400,Guy Williams,34
4401,Hank Williams,00
4402,Herb Williams,14
4403,Hot Rod Williams,45
4404,Jason Williams,7
4405,Jawad Williams,
4406,Jay Williams,2
4407,Jayson Williams,21
4408,Jerome Williams,26
4409,John Williams,12
4410,Jordan Williams,36
4411,Justin Williams,
4412,Kenny Williams,46
4413,Kevin Williams,46
4414,Lorenzo Williams,
4415,Lou Williams,45
4416,Marcus Williams,22
4417,Marcus Williams,33
4418,Marvin Williams,2
4419,Matt Williams,
4420,Micheal Williams,48
4421,Mike Williams,51
4422,Milt Williams,02
4423,Mo Williams,47
4424,Monty Williams,24
4425,Nate Williams,1
4426,Pete Williams,89
4427,Ray Williams,10
4428,Reggie Williams,4
4429,Reggie Williams,
4430,Rickey Williams,90
4431,Rob Williams,19
4432,Ron Williams,9
4433,Sam Williams,35
4434,Sam Williams,33
4435,Scott Williams,
4436,Sean Williams,17
4437,Shammond Williams,34
4438,Shawne Williams,17
4439,Shelden Williams,5
4440,Sly Williams,21
4441,Terrence Williams,11
4442,Travis Williams,
4443,Troy Williams,
4444,Walt Williams,7
4445,Ward Williams,8
4446,Willie Williams,38
4447,Corliss Williamson,13
4448,John Williamson,96
4449,Vann Williford,48
4450,Kevin Willis,11
4451,Bill Willoughby,19
4452,Dedric Willoughby,
4453,Bob Wilson,
4454,Bobby Wilson,
4455,Bobby Wilson,52
4456,Bubba Wilson,01
4457,D.J. Wilson,17
4458,George Wilson,
4459,Isaiah Wilson,29
4460,Jamil Wilson,
4461,Jasper Wilson,82
4462,Jim Wilson,62
4463,Michael Wilson,47
4464,Nikita Wilson,30
4465,Othell Wilson,35
4466,Rick Wilson,25
4467,Ricky Wilson,52
4468,Stephen Wilson,27
4469,Trevor Wilson,36
4470,Kyle Wiltjer,
4471,Kennard Winchester,
4472,Tony Windis,32
4473,John Windsor,39
4474,Lee Winfield,32
4475,David Wingate,44
4476,Dontonio Wingfield,37
4477,Harthorne Wingo,
4478,Marv Winkler,50
4479,Justise Winslow,10
4480,Rickie Winslow,28
4481,Trevor Winter,
4482,Brian Winters,12
4483,Voise Winters,44
4484,Skip Wise,
4485,Willie Wise,64
4486,Jeff Withey,39
4487,Luke Witte,57
4488,Greg Wittman,88
4489,Randy Wittman,22
4490,Garry Witts,03
4491,Dave Wohl,46
4492,Joe Wolf,13
4493,Ruben Wolkowyski,
4494,Nate Wolters,38
4495,Al Wood,4
4496,Bob Wood,
4497,Christian Wood,
4498,David Wood,
4499,Howard Wood,27
4500,Leon Wood,10
4501,Loren Woods,46
4502,Qyntel Woods,21
4503,Randy Woods,16
4504,Tommy Woods,
4505,Mike Woodson,12
4506,Bob Woollard,
4507,Orlando Woolridge,6
4508,Haywoode Workman,49
4509,Mark Workman,1
4510,Tom Workman,8
4511,Metta World Peace,16
4512,Willie Worsley,
4513,Sam Worthen,26
4514,James Worthy,1
4515,Antoine Wright,15
4516,Bracey Wright,47
4517,Brad Wright,49
4518,Brandan Wright,8
4519,Chris Wright,
4520,Chris Wright,
4521,Delon Wright,20
4522,Dorell Wright,19
4523,Howard Wright,
4524,Howie Wright,34
4525,Joby Wright,18
4526,Julian Wright,13
4527,Larry Wright,14
4528,Leroy Wright,16
4529,Lonnie Wright,54
4530,Lorenzen Wright,7
4531,Luther Wright,18
4532,Sharone Wright,6
4533,Tony Wroten,25
4534,Dennis Wuycik,27
4535,A.J. Wynder,
4536,Guerschon Yabusele,16
4537,Vincent Yarbrough,33
4538,George Yardley,7
4539,Barry Yates,31
4540,Wayne Yates,5
4541,Charlie Yelverton,25
4542,Rich Yonakor,61
4543,Danny Young,39
4544,James Young,17
4545,Joe Young,43
4546,Korleone Young,40
4547,Michael Young,24
4548,Nick Young,16
4549,Perry Young,61
4550,Sam Young,36
4551,Thaddeus Young,12
4552,Tim Young,56
4553,Sun Yue,40
4554,Max Zaslofsky,
4555,Zeke Zawoluk,
4556,Cody Zeller,4
4557,Dave Zeller,61
4558,Gary Zeller,83
4559,Harry Zeller,
4560,Luke Zeller,
4561,Tyler Zeller,17
4562,Tony Zeno,32
4563,Phil Zevenbergen,50
4564,Wang Zhizhi,36
4565,George Zidek,22
4566,Derrick Zimmerman,40
4567,Stephen Zimmerman,41
4568,Paul Zipser,48
4569,Ante Zizic,23
4570,Jim Zoet,
4571,Bill Zopf,33
4572,Ivica Zubac,32
4573,Matt Zunic,
